{
    "tasks": {
        "Pandas": 0.1134020618556701,
        "Numpy": 0.3181818181818182,
        "Matplotlib": 0.3419354838709677,
        "Tensorflow": 0.13333333333333333,
        "Scipy": 0.1509433962264151,
        "Sklearn": 0.08695652173913043,
        "Pytorch": 0.17647058823529413
    },
    "average": 0.18874617192037557
}