{
    "tasks": {
        "Pandas": 0.10309278350515463,
        "Numpy": 0.2727272727272727,
        "Matplotlib": 0.3548387096774194,
        "Tensorflow": 0.17777777777777778,
        "Scipy": 0.1320754716981132,
        "Sklearn": 0.10434782608695652,
        "Pytorch": 0.14705882352941177
    },
    "average": 0.18455980928601515
}