{
    "tasks": {
        "Pandas": 0.10309278350515463,
        "Numpy": 0.2636363636363636,
        "Matplotlib": 0.3548387096774194,
        "Tensorflow": 0.17777777777777778,
        "Scipy": 0.10377358490566038,
        "Sklearn": 0.0782608695652174,
        "Pytorch": 0.14705882352941177
    },
    "average": 0.17549127322814356
}