{
    "tasks": {
        "Pandas": 0.020618556701030927,
        "Numpy": 0.05,
        "Matplotlib": 0.15483870967741936,
        "Tensorflow": 0.044444444444444446,
        "Scipy": 0.009433962264150943,
        "Sklearn": 0.008695652173913044,
        "Pytorch": 0.04411764705882353
    },
    "average": 0.04744985318854032
}