{
    "tasks": {
        "Pandas": 0.020618556701030927,
        "Numpy": 0.05454545454545454,
        "Matplotlib": 0.15483870967741936,
        "Tensorflow": 0.044444444444444446,
        "Scipy": 0.018867924528301886,
        "Sklearn": 0.017391304347826087,
        "Pytorch": 0.04411764705882353
    },
    "average": 0.0506891487576144
}