{
    "benchmarks": {
        "cot": 0.3076776638133787,
        "human-eval-plus": 0.30284552845528456,
        "lm-evaluation-harness": 72.16199370293543,
        "mt-bench": 6.496875
    },
    "total": 57.62953167643964
}