{
    "benchmarks": {
        "cot": 0.2484,
        "human-eval-plus": 0.20934959349593496,
        "lm-evaluation-harness": 74.4085602041611,
        "mt-bench": 6.159375,
        "ds1000": 0.12625343991657606
    },
    "code": 0.9652610234478537,
    "total": 37.440944093791416
}