{
    "cot": 0.27546845545235643,
    "human-eval-plus": 0.20934959349593496,
    "lm-evaluation-harness": 74.4085602041611,
    "mt-bench": 6.159375,
    "ds1000": 0.12625343991657606,
    "code": 0.15741449750883563,
    "total": 40.296735170028484
}