{
    "benchmarks": {
        "cot": 0.3009657087167156,
        "human-eval-plus": 0.20934959349593496,
        "lm-evaluation-harness": 0.744085602041611,
        "mt-bench": 6.159375
    },
    "total": 56.388932511644
}