{
    "benchmarks": {
        "cot": 1.27,
        "human-eval-plus": 0.20934959349593496,
        "lm-evaluation-harness": 74.4085602041611,
        "mt-bench": 6.159375
    },
    "total": 71.77494815132542
}