{
    "tasks": {
        "Matplotlib": 0.5225806451612903
    },
    "average": 0.5225806451612903
}