{
    "tasks": {
        "Pandas": 0.15120274914089346,
        "Numpy": 0.39090909090909093,
        "Tensorflow": 0.26666666666666666,
        "Scipy": 0.27358490566037735,
        "Sklearn": 0.22608695652173913,
        "Pytorch": 0.3088235294117647
    },
    "average": 0.26954564971842204
}