{
    "tasks": {
        "Pandas": 0.15807560137457044,
        "Numpy": 0.36363636363636365,
        "Matplotlib": 0.5161290322580645,
        "Tensorflow": 0.26666666666666666,
        "Scipy": 0.27358490566037735,
        "Sklearn": 0.24347826086956523,
        "Pytorch": 0.39705882352941174
    },
    "average": 0.3169470934278599
}