{
    "tasks": {
        "Pandas": 0.15120274914089346,
        "Numpy": 0.39545454545454545,
        "Tensorflow": 0.26666666666666666,
        "Scipy": 0.27358490566037735,
        "Sklearn": 0.21739130434782608,
        "Pytorch": 0.29411764705882354
    },
    "average": 0.2664029697215221
}