{
    "tasks": {
        "Pandas": 0.15120274914089346,
        "Numpy": 0.39545454545454545,
        "Tensorflow": 0.26666666666666666,
        "Scipy": 0.27358490566037735,
        "Sklearn": 0.23478260869565218,
        "Pytorch": 0.3088235294117647
    },
    "average": 0.27175250083831665
}