{
    "tasks": {
        "Pandas": 0.15463917525773196,
        "Numpy": 0.39545454545454545,
        "Tensorflow": 0.26666666666666666,
        "Scipy": 0.2830188679245283,
        "Sklearn": 0.25217391304347825,
        "Pytorch": 0.3088235294117647
    },
    "average": 0.27679611629311923
}