{
    "tasks": {
        "Pandas": 0.15120274914089346,
        "Numpy": 0.39545454545454545,
        "Matplotlib": 0.5161290322580645,
        "Tensorflow": 0.26666666666666666,
        "Scipy": 0.27358490566037735,
        "Sklearn": 0.25217391304347825,
        "Pytorch": 0.3088235294117647
    },
    "average": 0.30914790594797
}