{
    "tasks": {
        "Matplotlib": 0.4645161290322581
    },
    "average": 0.4645161290322581
}