{
    "tasks": {
        "Pandas": 0.15463917525773196,
        "Numpy": 0.39090909090909093,
        "Tensorflow": 0.26666666666666666,
        "Scipy": 0.2641509433962264,
        "Sklearn": 0.21739130434782608,
        "Pytorch": 0.3235294117647059
    },
    "average": 0.26954776539037467
}