{
    "tasks": {
        "Matplotlib": 0.5161290322580645
    },
    "average": 0.5161290322580645
}