{
    "first_turn": 6.59375,
    "second_turn": 5.725,
    "average": 6.159375
}