{
    "benchmarks": {
        "cot": 0.19117110423116615,
        "human-eval-plus": 0.1382113821138211,
        "lm-evaluation-harness": 73.94864990263017,
        "mt-bench": 6.303125
    },
    "total": 49.863076790394864
}