{
    "benchmarks": {
        "cot": 0.9803555211558307,
        "human-eval-plus": 0.1382113821138211,
        "lm-evaluation-harness": 73.94864990263017,
        "mt-bench": 6.303125
    },
    "total": 66.21102048378637
}