{
    "benchmarks": {
        "cot": 0.2429147090970412,
        "human-eval-plus": 0.1382113821138211,
        "lm-evaluation-harness": 0.7394864990263016,
        "mt-bench": 6.303125
    },
    "total": 54.502171818946955
}