{
    "tasks": {
        "Pandas": 0.013745704467353952,
        "Numpy": 0.045454545454545456,
        "Matplotlib": 0.1870967741935484,
        "Tensorflow": 0.08888888888888889,
        "Scipy": 0.018867924528301886,
        "Sklearn": 0.0,
        "Pytorch": 0.0
    },
    "average": 0.0505791196475198
}