{
    "tasks": {
        "arc_challenge": 40.44368600682594,
        "arc_easy": 64.39393939393939,
        "boolq": 82.44648318042813,
        "hellaswag": 66.32144991037642,
        "openbookqa": 40.400000000000006,
        "piqa": 74.42872687704026,
        "winogrande": 65.74585635359117
    },
    "average": 62.02573453174305
}