{
    "results": {
        "openbookqa": {
            "acc": 0.346,
            "acc_stderr": 0.021294951277234637,
            "acc_norm": 0.438,
            "acc_norm_stderr": 0.022210326363977417
        },
        "arc_easy": {
            "acc": 0.7428451178451179,
            "acc_stderr": 0.008968394768971991,
            "acc_norm": 0.7192760942760943,
            "acc_norm_stderr": 0.00922052617471136
        },
        "winogrande": {
            "acc": 0.6953433307024467,
            "acc_stderr": 0.012935646499325304
        },
        "hellaswag": {
            "acc": 0.5636327424815774,
            "acc_stderr": 0.0049492079472659226,
            "acc_norm": 0.7395937064329815,
            "acc_norm_stderr": 0.004379594059141044
        },
        "arc_challenge": {
            "acc": 0.4249146757679181,
            "acc_stderr": 0.014445698968520769,
            "acc_norm": 0.44368600682593856,
            "acc_norm_stderr": 0.014518421825670454
        },
        "piqa": {
            "acc": 0.7725788900979326,
            "acc_stderr": 0.00977985076784724,
            "acc_norm": 0.7910772578890098,
            "acc_norm_stderr": 0.00948522703010508
        },
        "boolq": {
            "acc": 0.7813455657492355,
            "acc_stderr": 0.007229250275033936
        }
    },
    "versions": {
        "openbookqa": 0,
        "arc_easy": 0,
        "winogrande": 0,
        "hellaswag": 0,
        "arc_challenge": 0,
        "piqa": 0,
        "boolq": 1
    },
    "config": {
        "model": "hf-causal-experimental",
        "model_args": "pretrained=lmsys/vicuna-7b-v1.3,dtype=float16,trust_remote_code=True,use_accelerate=True",
        "num_fewshot": 0,
        "batch_size": null,
        "batch_sizes": [],
        "device": null,
        "no_cache": false,
        "limit": null,
        "bootstrap_iters": 100000,
        "description_dict": null
    }
}