{
    "tasks": {
        "openbookqa": 0.438,
        "arc_easy": 0.7192760942760943,
        "winogrande": 0.6953433307024467,
        "hellaswag": 0.7395937064329815,
        "arc_challenge": 0.44368600682593856,
        "piqa": 0.7910772578890098,
        "boolq": 0.7813455657492355
    },
    "average": 0.6583317088393866
}