{
    "tasks": {
        "openbookqa": 43.8,
        "arc_easy": 71.92760942760943,
        "winogrande": 69.53433307024467,
        "hellaswag": 73.95937064329814,
        "arc_challenge": 44.36860068259386,
        "piqa": 79.10772578890098,
        "boolq": 78.13455657492355
    },
    "average": 65.83317088393866
}