{
    "first_turn": 5.8875,
    "second_turn": 4.6455696202531644,
    "categories": {
        "writing": 7.05,
        "roleplay": 5.6,
        "reasoning": 2.7,
        "math": 1.95,
        "coding": 4,
        "extraction": 6.8,
        "stem": 6.2894736842105265,
        "humanities": 7.825
    },
    "average": 5.266534810126583
}