{
    "benchmarks": {
        "cot": 0.1580140350877193,
        "human-eval-plus": 0.09349593495934959,
        "lm-evaluation-harness": 65.83317088393866,
        "mt-bench": 6.109375
    },
    "total": 45.87010896032086
}