{
    "first_turn": 6.943037974683544,
    "second_turn": 6.2375,
    "categories": {
        "writing": 9.15,
        "roleplay": 7.95,
        "reasoning": 5.85,
        "math": 3,
        "coding": 3.05,
        "extraction": 5.894736842105263,
        "stem": 8.45,
        "humanities": 9.325
    },
    "average": 6.590268987341772
}