{
    "first_turn": 6.943037974683544,
    "second_turn": 6.2375,
    "average": 6.590268987341772
}