{
    "results": {
        "openbookqa": {
            "acc": 0.196,
            "acc_stderr": 0.017770751227744866,
            "acc_norm": 0.306,
            "acc_norm_stderr": 0.0206295699983454
        },
        "arc_easy": {
            "acc": 0.5058922558922558,
            "acc_stderr": 0.010259071083844237,
            "acc_norm": 0.4612794612794613,
            "acc_norm_stderr": 0.010228972678389608
        },
        "winogrande": {
            "acc": 0.5477505919494869,
            "acc_stderr": 0.013988256216606019
        },
        "hellaswag": {
            "acc": 0.38408683529177456,
            "acc_stderr": 0.004853845750392147,
            "acc_norm": 0.4630551682931687,
            "acc_norm_stderr": 0.0049761414577368795
        },
        "arc_challenge": {
            "acc": 0.257679180887372,
            "acc_stderr": 0.012780770562768402,
            "acc_norm": 0.2977815699658703,
            "acc_norm_stderr": 0.013363080107244487
        },
        "piqa": {
            "acc": 0.6686615886833515,
            "acc_stderr": 0.010982077458957348,
            "acc_norm": 0.6675734494015234,
            "acc_norm_stderr": 0.010991141557445587
        },
        "boolq": {
            "acc": 0.6470948012232416,
            "acc_stderr": 0.008358060743875668
        }
    },
    "versions": {
        "openbookqa": 0,
        "arc_easy": 0,
        "winogrande": 0,
        "hellaswag": 0,
        "arc_challenge": 0,
        "piqa": 0,
        "boolq": 1
    },
    "config": {
        "model": "hf-causal-experimental",
        "model_args": "pretrained=WizardLM/WizardCoder-15B-V1.0,dtype=float16,trust_remote_code=True,use_accelerate=True",
        "num_fewshot": 0,
        "batch_size": null,
        "batch_sizes": [],
        "device": null,
        "no_cache": false,
        "limit": null,
        "bootstrap_iters": 100000,
        "description_dict": null
    }
}