{
    "tasks": {
        "openbookqa": 30.599999999999998,
        "arc_easy": 46.12794612794613,
        "winogrande": 54.775059194948696,
        "hellaswag": 46.305516829316865,
        "arc_challenge": 29.77815699658703,
        "piqa": 66.75734494015234,
        "boolq": 64.70948012232415
    },
    "average": 48.43621488732503
}