{
    "tasks": {
        "openbookqa": 0.306,
        "arc_easy": 0.4612794612794613,
        "winogrande": 0.5477505919494869,
        "hellaswag": 0.4630551682931687,
        "arc_challenge": 0.2977815699658703,
        "piqa": 0.6675734494015234,
        "boolq": 0.6470948012232416
    },
    "average": 0.4843621488732503
}