{
    "first_turn": 7.24375,
    "second_turn": 6.6875,
    "average": 6.965625
}