{
    "tasks": {
        "openbookqa": 46.2,
        "arc_easy": 77.94612794612794,
        "winogrande": 75.13812154696133,
        "hellaswag": 82.16490738896634,
        "arc_challenge": 56.74061433447098,
        "piqa": 80.8487486398259,
        "boolq": 86.5749235474006
    },
    "average": 72.23049191482187
}