{
    "tasks": {
        "openbookqa": 0.482,
        "arc_easy": 0.7891414141414141,
        "winogrande": 0.7632202052091555,
        "hellaswag": 0.8083051185022904,
        "arc_challenge": 0.5324232081911263,
        "piqa": 0.8193688792165397,
        "boolq": 0.8568807339449541
    },
    "average": 0.7216199370293543
}