{
    "tasks": {
        "openbookqa": 48.199999999999996,
        "arc_easy": 78.91414141414141,
        "winogrande": 76.32202052091554,
        "hellaswag": 80.83051185022903,
        "arc_challenge": 53.242320819112635,
        "piqa": 81.93688792165396,
        "boolq": 85.68807339449542
    },
    "average": 72.16199370293543
}