{
    "first_turn": 7.25,
    "second_turn": 6.734177215189874,
    "average": 6.992088607594937
}