{
    "first_turn": 5.99375,
    "second_turn": 4.6875,
    "average": 5.340625
}