{
    "tasks": {
        "openbookqa": 0.434,
        "arc_easy": 0.7706228956228957,
        "winogrande": 0.7111286503551697,
        "hellaswag": 0.7995419239195379,
        "arc_challenge": 0.49402730375426623,
        "piqa": 0.8101196953210011,
        "boolq": 0.7412844036697248
    },
    "average": 0.6801035532346565
}