{
    "tasks": {
        "openbookqa": 43.4,
        "arc_easy": 77.06228956228956,
        "winogrande": 71.11286503551698,
        "hellaswag": 79.9541923919538,
        "arc_challenge": 49.40273037542662,
        "piqa": 81.01196953210011,
        "boolq": 74.12844036697248
    },
    "average": 68.01035532346565
}