{
    "first_turn": 6.75625,
    "second_turn": 6.5125,
    "average": 6.634375
}