{
    "tasks": {
        "openbookqa": 0.41,
        "arc_easy": 0.680976430976431,
        "winogrande": 0.665351223362273,
        "hellaswag": 0.6969727145986855,
        "arc_challenge": 0.4283276450511945,
        "piqa": 0.7850924918389554,
        "boolq": 0.708256880733945
    },
    "average": 0.6249967695087835
}