{
    "tasks": {
        "openbookqa": 41.0,
        "arc_easy": 68.0976430976431,
        "winogrande": 66.5351223362273,
        "hellaswag": 69.69727145986855,
        "arc_challenge": 42.83276450511945,
        "piqa": 78.50924918389553,
        "boolq": 70.8256880733945
    },
    "average": 62.499676950878346
}