{
    "benchmarks": {
        "cot": 0.09388854489164088,
        "human-eval-plus": 0.09756097560975609,
        "lm-evaluation-harness": 60.300566158762216,
        "mt-bench": 5.115625
    },
    "total": 42.50511609976614
}