{
    "benchmarks": {
        "cot": 0.10074170415711432,
        "human-eval-plus": 0.09756097560975609,
        "lm-evaluation-harness": 0.6030056615876221,
        "mt-bench": 5.115625
    },
    "total": 42.613928364294125
}