{
    "benchmarks": {
        "cot": 0.18350918472652222,
        "human-eval-plus": 0.18292682926829265,
        "lm-evaluation-harness": 68.47612759800032,
        "mt-bench": 6.6625
    },
    "total": 52.50721616211815
}