{
    "benchmarks": {
        "cot": 0.27783916609494796,
        "human-eval-plus": 0.18292682926829265,
        "lm-evaluation-harness": 0.6847612759800031,
        "mt-bench": 6.6625
    },
    "total": 54.00495734803988
}