{
    "benchmarks": {
        "cot": 0.25520577030701186,
        "human-eval-plus": 0.18292682926829265,
        "lm-evaluation-harness": 68.47612759800032,
        "mt-bench": 6.6625
    },
    "total": 53.64559154983772
}