{
    "benchmarks": {
        "cot": 0.2490142414860681,
        "human-eval-plus": 0.2865853658536585,
        "lm-evaluation-harness": 69.44732636040673,
        "mt-bench": 6.453125
    },
    "total": 52.809754288370755
}