{
    "benchmarks": {
        "cot": 0.3677288485976474,
        "human-eval-plus": 0.2865853658536585,
        "lm-evaluation-harness": 0.6944732636040674,
        "mt-bench": 6.453125
    },
    "total": 56.97832289656539
}