{
    "tasks": {
        "openbookqa": 0.46,
        "arc_easy": 0.7558922558922558,
        "winogrande": 0.7150749802683505,
        "hellaswag": 0.8012348137821151,
        "arc_challenge": 0.5213310580204779,
        "piqa": 0.8079434167573449,
        "boolq": 0.8406727828746178
    },
    "average": 0.700307043942166
}