{
    "tasks": {
        "openbookqa": 46.0,
        "arc_easy": 75.58922558922558,
        "winogrande": 71.50749802683505,
        "hellaswag": 80.12348137821151,
        "arc_challenge": 52.13310580204779,
        "piqa": 80.7943416757345,
        "boolq": 84.06727828746178
    },
    "average": 70.0307043942166
}