{
    "benchmarks": {
        "cot": 0.32951188367603396,
        "human-eval-plus": 0.2113821138211382,
        "lm-evaluation-harness": 73.92421116065573,
        "mt-bench": 6.634375
    },
    "total": 57.72084765008698
}