{
    "benchmarks": {
        "cot": 1.4425526315789474,
        "human-eval-plus": 0.2113821138211382,
        "lm-evaluation-harness": 73.92421116065573,
        "mt-bench": 6.634375
    },
    "total": 75.39335161499629
}