{
    "benchmarks": {
        "cot": 0.2814105263157895,
        "human-eval-plus": 0.2113821138211382,
        "lm-evaluation-harness": 73.92421116065573,
        "mt-bench": 6.634375
    },
    "total": 54.547265514981866
}