{
    "cot": 0.2805077164092644,
    "human-eval-plus": 0.6329268292682927,
    "mt-bench": 6.3,
    "ds1000": 0.4020936733379524,
    "code": 0.48865610681183,
    "total": 46.866060325785654
}