{
    "cot": 0.2877274755516242,
    "human-eval-plus": 0.6329268292682927,
    "mt-bench": 6.3,
    "ds1000": 0.4020936733379524,
    "code": 0.48865610681183,
    "total": 47.148572640051896
}