{
    "cot": 0.23361444788441693,
    "human-eval-plus": 0.6329268292682927,
    "mt-bench": 6.3,
    "ds1000": 0.4020936733379524,
    "code": 0.4982741549755942,
    "total": 45.56869984325327
}