{
    "cot": 0.2722720330237358,
    "human-eval-plus": 0.47317073170731705,
    "lm-evaluation-harness": 62.02573453174305,
    "mt-bench": 5.996874999999999,
    "ds1000": 0.31603713243310044,
    "code": 0.38150946546402403,
    "total": 42.945520359991065
}