{
    "cot": 0.291103130374957,
    "human-eval-plus": 0.47317073170731705,
    "lm-evaluation-harness": 62.02573453174305,
    "mt-bench": 5.996874999999999,
    "ds1000": 0.31603713243310044,
    "code": 0.37496223216093166,
    "total": 43.98544392181886
}