{
    "cot": 0.517738630890953,
    "human-eval-plus": 0.6727642276422765,
    "mt-bench": 8.215625,
    "ds1000": 0.4415392446758265,
    "code": 0.5282486132882452,
    "total": 65.16637883118068
}