{
    "benchmarks": {
        "cot": 0.5121931888544893,
        "human-eval-plus": 0.6727642276422765,
        "mt-bench": 8.215625,
        "ds1000": 0.4415392446758265
    },
    "total": 64.21064650064595
}