{
    "benchmarks": {
        "cot": 0.6414212043911076,
        "human-eval-plus": 0.6727642276422765,
        "mt-bench": 8.215625
    }
}