{
    "benchmarks": {
        "cot": 0.5121931888544893,
        "human-eval-plus": 0.6727642276422765,
        "mt-bench": 8.215625
    },
    "total": 67.44779626217624
}