{
    "benchmarks": {
        "cot": 0.4649902992776058,
        "human-eval-plus": 0.35569105691056907,
        "mt-bench": 7.418749999999999,
        "ds1000": 0.24267697344275035
    },
    "total": 53.369038971298
}