{
    "benchmarks": {
        "cot": 0.4649902992776058,
        "human-eval-plus": 0.35569105691056907,
        "mt-bench": 7.418749999999999
    },
    "total": 54.95123613984747
}