{
    "cot": 0.46984336331023646,
    "human-eval-plus": 0.35569105691056907,
    "mt-bench": 7.418749999999999,
    "ds1000": 0.24267697344275035,
    "code": 0.28505725474318233,
    "total": 55.598127342455896
}