{
    "benchmarks": {
        "cot": 2.396951496388029,
        "human-eval-plus": 0.35569105691056907,
        "mt-bench": 7.418749999999999
    }
}