{
    "cot": 0.3112118040198536,
    "human-eval-plus": 0.1847560975609756,
    "mt-bench": 7.34375,
    "ds1000": 0.0505791196475198,
    "code": 0.10089548636506572,
    "total": 45.86190513756064
}