{
    "cot": 0.3112118040198536,
    "human-eval-plus": 0.1847560975609756,
    "mt-bench": 7.34375
}