{
    "benchmarks": {
        "cot": 0.13232156862745098,
        "human-eval-plus": 0.17682926829268292,
        "lm-evaluation-harness": 64.76078622321252,
        "mt-bench": 5.340625,
        "ds1000": 0.05626172481508391
    },
    "code": 0.638989207584501,
    "total": 28.68203330092624
}