{
    "benchmarks": {
        "cot": 0.18179994288195162,
        "human-eval-plus": 0.17682926829268292,
        "lm-evaluation-harness": 0.6476078622321253,
        "mt-bench": 5.340625
    },
    "total": 47.678301252655444
}