{
    "cot": 0.1528622831588776,
    "human-eval-plus": 0.16463414634146342,
    "lm-evaluation-harness": 64.76078622321252,
    "mt-bench": 5.340625,
    "ds1000": 0.05626172481508391,
    "code": 0.09690138288747623,
    "total": 30.886917739042623
}