{
    "tasks": {
        "Pandas": 0.020618556701030927,
        "Numpy": 0.04090909090909091,
        "Matplotlib": 0.11612903225806452,
        "Tensorflow": 0.1111111111111111,
        "Scipy": 0.04716981132075472,
        "Sklearn": 0.0,
        "Pytorch": 0.014705882352941176
    },
    "average": 0.05009192637899905
}