{
    "first_turn": 6.79375,
    "second_turn": 5.425,
    "average": 6.109375
}