{
    "tasks": {
        "openbookqa": 0.488,
        "arc_easy": 0.8068181818181818,
        "winogrande": 0.7790055248618785,
        "hellaswag": 0.8494323839872535,
        "arc_challenge": 0.5733788395904437,
        "piqa": 0.8318824809575626,
        "boolq": 0.846177370030581
    },
    "average": 0.7392421116065573
}