{
    "tasks": {
        "openbookqa": 48.8,
        "arc_easy": 80.68181818181817,
        "winogrande": 77.90055248618785,
        "hellaswag": 84.94323839872536,
        "arc_challenge": 57.33788395904437,
        "piqa": 83.18824809575625,
        "boolq": 84.6177370030581
    },
    "average": 73.92421116065573
}