{
    "benchmarks": {
        "cot": 0.39812695401320425,
        "human-eval-plus": 0.20528455284552843,
        "lm-evaluation-harness": 0.7242375634168857,
        "mt-bench": 6.384375
    },
    "total": 57.4571000556288
}