{
    "benchmarks": {
        "human-eval-plus": 0.20528455284552843,
        "lm-evaluation-harness": 72.42375634168857,
        "mt-bench": 6.384375
    }
}