{
    "tasks": {
        "openbookqa": 0.438,
        "arc_easy": 0.7083333333333334,
        "winogrande": 0.6732438831886346,
        "hellaswag": 0.762796255725951,
        "arc_challenge": 0.43600682593856654,
        "piqa": 0.8052230685527747,
        "boolq": 0.735474006116208
    },
    "average": 0.6512967675507811
}