{
    "tasks": {
        "openbookqa": 43.8,
        "arc_easy": 70.83333333333334,
        "winogrande": 67.32438831886346,
        "hellaswag": 76.2796255725951,
        "arc_challenge": 43.600682593856654,
        "piqa": 80.52230685527746,
        "boolq": 73.54740061162079
    },
    "average": 65.12967675507811
}