{
    "tasks": {
        "openbookqa": 0.404,
        "arc_easy": 0.7163299663299664,
        "winogrande": 0.7253354380426204,
        "hellaswag": 0.7397928699462258,
        "arc_challenge": 0.49658703071672355,
        "piqa": 0.7546245919477693,
        "boolq": 0.8620795107033639
    },
    "average": 0.6712499153838098
}