{
    "tasks": {
        "openbookqa": 40.400000000000006,
        "arc_easy": 71.63299663299664,
        "winogrande": 72.53354380426204,
        "hellaswag": 73.97928699462258,
        "arc_challenge": 49.658703071672356,
        "piqa": 75.46245919477693,
        "boolq": 86.20795107033639
    },
    "average": 67.124991538381
}