{
    "tasks": {
        "Pandas": 0.0,
        "Numpy": 0.022727272727272728,
        "Matplotlib": 0.01935483870967742,
        "Tensorflow": 0.0,
        "Scipy": 0.02830188679245283,
        "Sklearn": 0.0,
        "Pytorch": 0.0
    },
    "average": 0.01005485688991471
}