{
    "first_turn": 8.20625,
    "second_turn": 8.0125,
    "average": 8.109375
}