{
    "tasks": {
        "Pandas": 0.0,
        "Numpy": 0.0,
        "Matplotlib": 0.07096774193548387,
        "Tensorflow": 0.0,
        "Scipy": 0.009433962264150943,
        "Sklearn": 0.0,
        "Pytorch": 0.0
    },
    "average": 0.011485957742804974
}