{
    "tasks": {
        "Pandas": 0.041237113402061855,
        "Numpy": 0.10454545454545454,
        "Matplotlib": 0.1870967741935484,
        "Tensorflow": 0.1111111111111111,
        "Scipy": 0.07547169811320754,
        "Sklearn": 0.08695652173913043,
        "Pytorch": 0.029411764705882353
    },
    "average": 0.09083291968719945
}