{
    "tasks": {
        "openbookqa": 0.494,
        "arc_easy": 0.8017676767676768,
        "winogrande": 0.749802683504341,
        "hellaswag": 0.8062139016132245,
        "arc_challenge": 0.5477815699658704,
        "piqa": 0.8106637649619152,
        "boolq": 0.863302752293578
    },
    "average": 0.724790335586658
}