{
    "tasks": {
        "openbookqa": 49.4,
        "arc_easy": 80.17676767676768,
        "winogrande": 74.9802683504341,
        "hellaswag": 80.62139016132245,
        "arc_challenge": 54.778156996587036,
        "piqa": 81.06637649619152,
        "boolq": 86.3302752293578
    },
    "average": 72.4790335586658
}