{
    "tasks": {
        "Pandas": 0.3642611683848797,
        "Numpy": 0.5363636363636364,
        "Matplotlib": 0.6387096774193548,
        "Tensorflow": 0.5111111111111111,
        "Scipy": 0.44339622641509435,
        "Sklearn": 0.3739130434782609,
        "Pytorch": 0.4411764705882353
    },
    "average": 0.47270447625151046
}