{
    "tasks": {
        "Pandas": 0.05154639175257732,
        "Numpy": 0.06818181818181818,
        "Matplotlib": 0.25161290322580643,
        "Tensorflow": 0.08888888888888889,
        "Scipy": 0.04716981132075472,
        "Sklearn": 0.08695652173913043,
        "Pytorch": 0.029411764705882353
    },
    "average": 0.08910972854497977
}