{
    "tasks": {
        "Pandas": 0.027491408934707903,
        "Numpy": 0.11818181818181818,
        "Matplotlib": 0.13548387096774195,
        "Tensorflow": 0.06666666666666667,
        "Scipy": 0.05660377358490566,
        "Sklearn": 0.008695652173913044,
        "Pytorch": 0.10294117647058823
    },
    "average": 0.07372348099719166
}