{
    "tasks": {
        "arc_challenge": 58.10580204778157,
        "arc_easy": 77.73569023569024,
        "boolq": 86.81957186544342,
        "hellaswag": 81.25871340370445,
        "openbookqa": 46.6,
        "piqa": 80.25027203482045,
        "winogrande": 74.74348855564325
    },
    "average": 72.2162197347262
}