{
    "tasks": {
        "arc_challenge": 45.563139931740615,
        "arc_easy": 68.39225589225589,
        "boolq": 84.09785932721712,
        "hellaswag": 74.27803226448914,
        "openbookqa": 43.8,
        "piqa": 75.0272034820457,
        "winogrande": 70.00789265982637
    },
    "average": 65.88091193679641
}