{
    "benchmarks": {
        "cot": 0.3297758513931889,
        "human-eval-plus": 0.29065040650406504,
        "lm-evaluation-harness": 71.53529792832921,
        "mt-bench": 7.1
    },
    "total": 47.247540406252355
}