{
    "benchmarks": {
        "cot": 0.47411833432451767,
        "human-eval-plus": 0.29065040650406504,
        "lm-evaluation-harness": 71.53529792832921,
        "mt-bench": 7.1
    },
    "total": 61.158929324895055
}