{
    "cot": 0.4836527003783969,
    "human-eval-plus": 0.6666666666666666,
    "mt-bench": 8.109375,
    "ds1000": 0.47270447625151046,
    "code": 0.545440297657194,
    "total": 63.6696108436276
}