{
    "benchmarks": {
        "cot": 0.47685985552115584,
        "human-eval-plus": 0.6666666666666666,
        "mt-bench": 8.109375,
        "ds1000": 0.47270447625151046
    },
    "total": 62.888984132949425
}