{
    "benchmarks": {
        "cot": 0.6469813096027374,
        "human-eval-plus": 0.6666666666666666,
        "mt-bench": 8.109375
    }
}