{
    "benchmarks": {
        "cot": 0.12483543958059298,
        "human-eval-plus": 0.47357723577235766,
        "lm-evaluation-harness": 0.4843621488732503,
        "mt-bench": 3.5562500000000004
    },
    "total": 39.65729444481799
}