{
    "cot": 0.09713271413828689,
    "human-eval-plus": 0.47357723577235766,
    "lm-evaluation-harness": 48.43621488732503,
    "mt-bench": 3.5562500000000004,
    "ds1000": 0.31759644407721055,
    "code": 2.295530643701131,
    "total": 26.903900283782857
}