{
    "cot": 0.13996300882926271,
    "human-eval-plus": 0.47357723577235766,
    "lm-evaluation-harness": 48.43621488732503,
    "mt-bench": 3.5562500000000004,
    "ds1000": 0.31759644407721055,
    "code": 0.3760892409628907,
    "total": 27.479452362238817
}