{
    "benchmarks": {
        "cot": 0.09713271413828689,
        "human-eval-plus": 0.47357723577235766,
        "lm-evaluation-harness": 48.43621488732503,
        "mt-bench": 3.5562500000000004
    },
    "total": 36.343350187443704
}