{
    "benchmarks": {
        "cot": 0.28311826625387,
        "human-eval-plus": 0.1951219512195122,
        "lm-evaluation-harness": 71.30944751863265,
        "mt-bench": 6.19375
    },
    "total": 54.529633780348966
}