{
    "benchmarks": {
        "cot": 1.4520913312693497,
        "human-eval-plus": 0.1951219512195122,
        "lm-evaluation-harness": 71.30944751863265,
        "mt-bench": 6.19375
    },
    "total": 73.09021313495157
}