{
    "tasks": {
        "Pandas": 0.010309278350515464,
        "Numpy": 0.031818181818181815,
        "Matplotlib": 0.3161290322580645,
        "Tensorflow": 0.1111111111111111,
        "Scipy": 0.05660377358490566,
        "Sklearn": 0.008695652173913044,
        "Pytorch": 0.014705882352941176
    },
    "average": 0.07848184452137609
}