{
    "tasks": {
        "Pandas": 0.024054982817869417,
        "Numpy": 0.045454545454545456,
        "Matplotlib": 0.3032258064516129,
        "Tensorflow": 0.15555555555555556,
        "Scipy": 0.03773584905660377,
        "Sklearn": 0.017391304347826087,
        "Pytorch": 0.014705882352941176
    },
    "average": 0.08544627514813632
}