{
    "tasks": {
        "Pandas": 0.037800687285223365,
        "Numpy": 0.08181818181818182,
        "Matplotlib": 0.3161290322580645,
        "Tensorflow": 0.15555555555555556,
        "Scipy": 0.10377358490566038,
        "Sklearn": 0.043478260869565216,
        "Pytorch": 0.029411764705882353
    },
    "average": 0.10970958105687616
}