{
    "tasks": {
        "Pandas": 0.01718213058419244,
        "Numpy": 0.00909090909090909,
        "Matplotlib": 0.12903225806451613,
        "Tensorflow": 0.022222222222222223,
        "Scipy": 0.04716981132075472,
        "Sklearn": 0.02608695652173913,
        "Pytorch": 0.014705882352941176
    },
    "average": 0.037927167165324994
}