{
    "tasks": {
        "Pandas": 0.048109965635738834,
        "Numpy": 0.05454545454545454,
        "Matplotlib": 0.13548387096774195,
        "Tensorflow": 0.022222222222222223,
        "Scipy": 0.10377358490566038,
        "Sklearn": 0.043478260869565216,
        "Pytorch": 0.029411764705882353
    },
    "average": 0.062432160550323634
}