{
    "tasks": {
        "openbookqa": 43.8,
        "arc_easy": 69.6969696969697,
        "winogrande": 66.37726913970008,
        "hellaswag": 75.50288787094205,
        "arc_challenge": 44.19795221843004,
        "piqa": 77.25788900979326,
        "boolq": 79.78593272171254
    },
    "average": 65.2312715225068
}