{
    "tasks": {
        "openbookqa": 0.438,
        "arc_easy": 0.696969696969697,
        "winogrande": 0.6637726913970008,
        "hellaswag": 0.7550288787094205,
        "arc_challenge": 0.44197952218430037,
        "piqa": 0.7725788900979326,
        "boolq": 0.7978593272171254
    },
    "average": 0.6523127152250681
}