{
    "tasks": {
        "openbookqa": 0.502,
        "arc_easy": 0.7824074074074074,
        "winogrande": 0.7624309392265194,
        "hellaswag": 0.8573989245170285,
        "arc_challenge": 0.5810580204778157,
        "piqa": 0.8351468988030468,
        "boolq": 0.8559633027522936
    },
    "average": 0.7394864990263016
}