{
    "tasks": {
        "openbookqa": 50.2,
        "arc_easy": 78.24074074074075,
        "winogrande": 76.24309392265194,
        "hellaswag": 85.73989245170284,
        "arc_challenge": 58.10580204778157,
        "piqa": 83.51468988030469,
        "boolq": 85.59633027522936
    },
    "average": 73.94864990263017
}