{
    "benchmarks": {
        "cot": 0.25262703818369453,
        "human-eval-plus": 0.21951219512195116,
        "lm-evaluation-harness": 70.0307043942166,
        "mt-bench": 6.5375,
        "ds1000": 0.12755995918677293
    },
    "code": 0.9952403449585832,
    "total": 39.22553475444734
}