{
    "benchmarks": {
        "cot": 0.3093683518951612,
        "human-eval-plus": 0.21951219512195116,
        "lm-evaluation-harness": 0.700307043942166,
        "mt-bench": 6.5375
    },
    "total": 55.49825166539287
}