{
    "benchmarks": {
        "cot": 0.44546075302626464,
        "human-eval-plus": 0.12804878048780485,
        "lm-evaluation-harness": 67.124991538381,
        "mt-bench": 6.0375
    },
    "total": 53.797639822413544
}