{
    "benchmarks": {
        "cot": 0.30397069143446853,
        "human-eval-plus": 0.12804878048780485,
        "lm-evaluation-harness": 67.124991538381,
        "mt-bench": 6.0375
    },
    "total": 49.6933003213981
}