{
    "cot": 0.2975843825249398,
    "human-eval-plus": 0.13008130081300812,
    "lm-evaluation-harness": 72.2162197347262,
    "mt-bench": 6.49375,
    "ds1000": 0.062432160550323634,
    "code": 0.08780058814883032,
    "total": 41.40526867530339
}