{
    "benchmarks": {
        "cot": 0.26356284829721366,
        "human-eval-plus": 0.13008130081300812,
        "lm-evaluation-harness": 72.2162197347262,
        "mt-bench": 6.49375
    },
    "total": 51.19684099940475
}