{
    "first_turn": 5.7875,
    "second_turn": 4.44375,
    "average": 5.115625
}