{
    "tasks": {
        "Pandas": 0.08247422680412371,
        "Numpy": 0.07272727272727272,
        "Matplotlib": 0.25806451612903225,
        "Tensorflow": 0.06666666666666667,
        "Scipy": 0.08490566037735849,
        "Sklearn": 0.043478260869565216,
        "Pytorch": 0.058823529411764705
    },
    "average": 0.0953057332836834
}