{
    "results": {
        "openbookqa": {
            "acc": 0.376,
            "acc_stderr": 0.02168382753928612,
            "acc_norm": 0.474,
            "acc_norm_stderr": 0.022352791650914167
        },
        "arc_easy": {
            "acc": 0.8324915824915825,
            "acc_stderr": 0.007662604959624302,
            "acc_norm": 0.7925084175084175,
            "acc_norm_stderr": 0.008320901410853532
        },
        "winogrande": {
            "acc": 0.744277821625888,
            "acc_stderr": 0.012261253845440473
        },
        "hellaswag": {
            "acc": 0.6231826329416451,
            "acc_stderr": 0.004835981632401602,
            "acc_norm": 0.8138816968731328,
            "acc_norm_stderr": 0.0038840668811314745
        },
        "arc_challenge": {
            "acc": 0.5469283276450512,
            "acc_stderr": 0.014546892052005628,
            "acc_norm": 0.5725255972696246,
            "acc_norm_stderr": 0.014456862944650649
        },
        "piqa": {
            "acc": 0.7981501632208923,
            "acc_stderr": 0.009364873741341416,
            "acc_norm": 0.8079434167573449,
            "acc_norm_stderr": 0.009190740295126482
        },
        "boolq": {
            "acc": 0.864525993883792,
            "acc_stderr": 0.005985625684183201
        }
    },
    "versions": {
        "openbookqa": 0,
        "arc_easy": 0,
        "winogrande": 0,
        "hellaswag": 0,
        "arc_challenge": 0,
        "piqa": 0,
        "boolq": 1
    },
    "config": {
        "model": "hf-causal-experimental",
        "model_args": "pretrained=Open-Orca/OpenOrcaxOpenChat-Preview2-13B,dtype=bfloat16,trust_remote_code=True,use_accelerate=True,tokenizer=Open-Orca/OpenOrcaxOpenChat-Preview2-13B",
        "num_fewshot": 0,
        "batch_size": null,
        "batch_sizes": [],
        "device": null,
        "no_cache": false,
        "limit": null,
        "bootstrap_iters": 100000,
        "description_dict": null
    }
}