{
    "tasks": {
        "openbookqa": 47.4,
        "arc_easy": 79.25084175084174,
        "winogrande": 74.4277821625888,
        "hellaswag": 81.38816968731328,
        "arc_challenge": 57.25255972696246,
        "piqa": 80.7943416757345,
        "boolq": 86.4525993883792
    },
    "average": 72.42375634168857
}