{
    "tasks": {
        "openbookqa": 0.474,
        "arc_easy": 0.7925084175084175,
        "winogrande": 0.744277821625888,
        "hellaswag": 0.8138816968731328,
        "arc_challenge": 0.5725255972696246,
        "piqa": 0.8079434167573449,
        "boolq": 0.864525993883792
    },
    "average": 0.7242375634168857
}