{
    "tasks": {
        "openbookqa": 40.6,
        "arc_easy": 64.05723905723906,
        "winogrande": 66.37726913970008,
        "hellaswag": 67.61601274646485,
        "arc_challenge": 38.05460750853242,
        "piqa": 76.71381936887923,
        "boolq": 68.68501529051989
    },
    "average": 60.300566158762216
}