{
    "tasks": {
        "openbookqa": 0.406,
        "arc_easy": 0.6405723905723906,
        "winogrande": 0.6637726913970008,
        "hellaswag": 0.6761601274646485,
        "arc_challenge": 0.38054607508532423,
        "piqa": 0.7671381936887922,
        "boolq": 0.6868501529051988
    },
    "average": 0.6030056615876221
}