{
    "cot": 0.48912424255563947,
    "human-eval-plus": 0.18495934959349591,
    "mt-bench": 6.8625,
    "ds1000": 0.14679509377381256,
    "code": 0.1611066897061938,
    "total": 51.778456268806664
}