{
    "benchmarks": {
        "cot": 0.42670010319917445,
        "human-eval-plus": 0.18495934959349591
    }
}