{
    "benchmarks": {
        "cot": 0.42670010319917445,
        "human-eval-plus": 0.18495934959349591,
        "mt-bench": 6.8625
    },
    "total": 47.25022810541418
}