{
    "cot": 0.20170332424679538,
    "human-eval-plus": 0.20365853658536584,
    "mt-bench": 5.266534810126583
}