{
    "cot": 0.20170332424679538,
    "human-eval-plus": 0.20365853658536584,
    "mt-bench": 5.266534810126583,
    "ds1000": 0.11337121823599826,
    "code": 0.1472289626170111,
    "total": 33.35121990789472
}