{
    "tasks": {
        "Pandas": 0.1134020618556701,
        "Numpy": 0.10909090909090909,
        "Matplotlib": 0.34838709677419355,
        "Tensorflow": 0.2,
        "Scipy": 0.08490566037735849,
        "Sklearn": 0.06956521739130435,
        "Pytorch": 0.08823529411764706
    },
    "average": 0.14479803422958323
}