{
    "tasks": {
        "Pandas": 0.1134020618556701,
        "Numpy": 0.11363636363636363,
        "Matplotlib": 0.34838709677419355,
        "Tensorflow": 0.2,
        "Scipy": 0.09433962264150944,
        "Sklearn": 0.06956521739130435,
        "Pytorch": 0.08823529411764706
    },
    "average": 0.14679509377381256
}