{
    "cot": 0.16892879256965945,
    "human-eval-plus": 0.5591463414634146,
    "mt-bench": 5.00625,
    "ds1000": 0.3079252498211223,
    "code": 0.4021331591869819,
    "total": 35.37018160815158
}