{
    "tasks": {
        "openbookqa": 50.2,
        "arc_easy": 81.81818181818183,
        "winogrande": 77.34806629834254,
        "hellaswag": 84.0071698864768,
        "arc_challenge": 57.508532423208194,
        "piqa": 84.16757344940152,
        "boolq": 85.81039755351682
    },
    "average": 74.4085602041611
}