{
    "tasks": {
        "openbookqa": 0.502,
        "arc_easy": 0.8181818181818182,
        "winogrande": 0.7734806629834254,
        "hellaswag": 0.840071698864768,
        "arc_challenge": 0.5750853242320819,
        "piqa": 0.8416757344940152,
        "boolq": 0.8581039755351682
    },
    "average": 0.744085602041611
}