{
    "tasks": {
        "openbookqa": 0.454,
        "arc_easy": 0.7630471380471381,
        "winogrande": 0.749802683504341,
        "hellaswag": 0.8216490738896635,
        "arc_challenge": 0.5426621160409556,
        "piqa": 0.809031556039173,
        "boolq": 0.8672782874617737
    },
    "average": 0.7153529792832921
}