{
    "tasks": {
        "openbookqa": 45.4,
        "arc_easy": 76.30471380471381,
        "winogrande": 74.9802683504341,
        "hellaswag": 82.16490738896634,
        "arc_challenge": 54.26621160409556,
        "piqa": 80.9031556039173,
        "boolq": 86.72782874617737
    },
    "average": 71.53529792832921
}