{
    "tasks": {
        "Pandas": 0.027491408934707903,
        "Numpy": 0.15,
        "Matplotlib": 0.2645161290322581,
        "Tensorflow": 0.13333333333333333,
        "Scipy": 0.1320754716981132,
        "Sklearn": 0.10434782608695652,
        "Pytorch": 0.058823529411764705
    },
    "average": 0.12436967121387624
}