{
    "tasks": {
        "Pandas": 0.08934707903780069,
        "Numpy": 0.1318181818181818,
        "Matplotlib": 0.14193548387096774,
        "Tensorflow": 0.1111111111111111,
        "Scipy": 0.14150943396226415,
        "Sklearn": 0.10434782608695652,
        "Pytorch": 0.07352941176470588
    },
    "average": 0.11337121823599826
}