{
    "benchmarks": {
        "cot": 0.5763779806078535,
        "human-eval-plus": 0.35569105691056907,
        "mt-bench": 7.418749999999999
    }
}