{
    "first_turn": 6.75625,
    "second_turn": 5.85,
    "average": 6.303125
}