{
    "tasks": {
        "Pandas": 0.08934707903780069,
        "Numpy": 0.1590909090909091,
        "Matplotlib": 0.2838709677419355,
        "Tensorflow": 0.13333333333333333,
        "Scipy": 0.12264150943396226,
        "Sklearn": 0.06086956521739131,
        "Pytorch": 0.11764705882352941
    },
    "average": 0.13811434609698023
}