{
    "tasks": {
        "openbookqa": 47.599999999999994,
        "arc_easy": 79.503367003367,
        "winogrande": 76.71665351223362,
        "hellaswag": 82.86197968532166,
        "arc_challenge": 54.436860068259385,
        "piqa": 83.18824809575625,
        "boolq": 81.71253822629969
    },
    "average": 72.28852094160537
}