{
    "tasks": {
        "openbookqa": 0.476,
        "arc_easy": 0.79503367003367,
        "winogrande": 0.7671665351223362,
        "hellaswag": 0.8286197968532165,
        "arc_challenge": 0.5443686006825939,
        "piqa": 0.8318824809575626,
        "boolq": 0.8171253822629969
    },
    "average": 0.7228852094160537
}