{
    "tasks": {
        "Pandas": 0.28865979381443296,
        "Numpy": 0.45,
        "Matplotlib": 0.6064516129032258,
        "Tensorflow": 0.3333333333333333,
        "Scipy": 0.36792452830188677,
        "Sklearn": 0.3565217391304348,
        "Pytorch": 0.4117647058823529
    },
    "average": 0.4020936733379524
}