{
    "tasks": {
        "arc_challenge": 52.73037542662116,
        "arc_easy": 78.91414141414141,
        "boolq": 80.8868501529052,
        "hellaswag": 79.12766381198965,
        "openbookqa": 43.4,
        "piqa": 81.33841131664853,
        "winogrande": 72.69139700078927
    },
    "average": 69.86983416044217
}