{
    "tasks": {
        "Pandas": 0.19931271477663232,
        "Numpy": 0.35,
        "Matplotlib": 0.5032258064516129,
        "Tensorflow": 0.37777777777777777,
        "Scipy": 0.3018867924528302,
        "Sklearn": 0.21739130434782608,
        "Pytorch": 0.20588235294117646
    },
    "average": 0.3079252498211223
}