{
    "first_turn": 7.39375,
    "second_turn": 7.5625,
    "average": 7.478125
}