{
    "first_turn": 6.70625,
    "second_turn": 5.7625,
    "average": 6.234375
}