{
    "tasks": {
        "openbookqa": 47.8,
        "arc_easy": 74.70538720538721,
        "winogrande": 74.5067087608524,
        "hellaswag": 80.37243576976698,
        "arc_challenge": 51.70648464163823,
        "piqa": 79.4341675734494,
        "boolq": 83.94495412844036
    },
    "average": 70.35287686850494
}