{
    "tasks": {
        "openbookqa": 0.478,
        "arc_easy": 0.7470538720538721,
        "winogrande": 0.745067087608524,
        "hellaswag": 0.8037243576976698,
        "arc_challenge": 0.5170648464163823,
        "piqa": 0.794341675734494,
        "boolq": 0.8394495412844036
    },
    "average": 0.7035287686850494
}