{
    "tasks": {
        "Pandas": 0.013745704467353952,
        "Numpy": 0.02727272727272727,
        "Matplotlib": 0.1032258064516129,
        "Tensorflow": 0.08888888888888889,
        "Scipy": 0.018867924528301886,
        "Sklearn": 0.0,
        "Pytorch": 0.0
    },
    "average": 0.036000150229840704
}