{
    "tasks": {
        "Pandas": 0.006872852233676976,
        "Numpy": 0.013636363636363636,
        "Matplotlib": 0.1032258064516129,
        "Tensorflow": 0.044444444444444446,
        "Scipy": 0.0,
        "Sklearn": 0.0,
        "Pytorch": 0.0
    },
    "average": 0.024025638109442565
}