{
    "benchmarks": {
        "cot": 0.4685353973168215,
        "human-eval-plus": 0.4225609756097561,
        "lm-evaluation-harness": 74.89335891387569,
        "mt-bench": 7.13125
    },
    "total": 62.79359566647821
}