{
    "benchmarks": {
        "cot": 0.4685353973168215,
        "human-eval-plus": 0.4225609756097561,
        "lm-evaluation-harness": 74.89335891387569,
        "mt-bench": 7.13125,
        "ds1000": 0.2455803301929909
    },
    "code": 1.9159335946998584,
    "total": 53.056008682205004
}