{
    "cot": 0.47468586171310634,
    "human-eval-plus": 0.4225609756097561,
    "lm-evaluation-harness": 74.89335891387569,
    "mt-bench": 7.13125,
    "ds1000": 0.2455803301929909,
    "code": 0.31194807222427784,
    "total": 55.00528280136986
}