{
    "tasks": {
        "Pandas": 0.05154639175257732,
        "Numpy": 0.07727272727272727,
        "Matplotlib": 0.3161290322580645,
        "Tensorflow": 0.08888888888888889,
        "Scipy": 0.05660377358490566,
        "Sklearn": 0.12173913043478261,
        "Pytorch": 0.1323529411764706
    },
    "average": 0.12064755505263096
}