{
    "tasks": {
        "Pandas": 0.16151202749140894,
        "Numpy": 0.2863636363636364,
        "Matplotlib": 0.3870967741935484,
        "Tensorflow": 0.28888888888888886,
        "Scipy": 0.18867924528301888,
        "Sklearn": 0.1565217391304348,
        "Pytorch": 0.25
    },
    "average": 0.2455803301929909
}