{
    "cot": 0.7051793601651187,
    "human-eval-plus": 0.8008130081300812,
    "mt-bench": 8.89375,
    "ds1000": 0.5684778147591147,
    "code": 0.6652841453303507,
    "total": 76.92827645387268
}