{
    "benchmarks": {
        "cot": 0.8367315727010178,
        "human-eval-plus": 0.8008130081300812,
        "mt-bench": 8.89375
    }
}