{
    "benchmarks": {
        "cot": 0.7051793601651187,
        "human-eval-plus": 0.8008130081300812,
        "mt-bench": 8.89375
    }
}