{
    "cot": 0.708172342621259,
    "human-eval-plus": 0.8008130081300812,
    "mt-bench": 8.89375,
    "ds1000": 0.5684778147591147,
    "code": 0.6556035122732271,
    "total": 77.7813701421054
}