{
    "results": {
        "openbookqa": {
            "acc": 0.368,
            "acc_stderr": 0.021588982568353544,
            "acc_norm": 0.468,
            "acc_norm_stderr": 0.022337186479044296
        },
        "arc_easy": {
            "acc": 0.8265993265993266,
            "acc_stderr": 0.0077685704128167025,
            "acc_norm": 0.7882996632996633,
            "acc_norm_stderr": 0.008382520764977724
        },
        "winogrande": {
            "acc": 0.7411207576953434,
            "acc_stderr": 0.012310515810993376
        },
        "hellaswag": {
            "acc": 0.611431985660227,
            "acc_stderr": 0.004864286176731834,
            "acc_norm": 0.7989444333798048,
            "acc_norm_stderr": 0.003999704024395375
        },
        "arc_challenge": {
            "acc": 0.5588737201365188,
            "acc_stderr": 0.014509747749064663,
            "acc_norm": 0.5597269624573379,
            "acc_norm_stderr": 0.014506769524804243
        },
        "piqa": {
            "acc": 0.8046789989118607,
            "acc_stderr": 0.00924977622239759,
            "acc_norm": 0.809575625680087,
            "acc_norm_stderr": 0.009160842206469637
        },
        "boolq": {
            "acc": 0.825993883792049,
            "acc_stderr": 0.006630758525269031
        }
    },
    "versions": {
        "openbookqa": 0,
        "arc_easy": 0,
        "winogrande": 0,
        "hellaswag": 0,
        "arc_challenge": 0,
        "piqa": 0,
        "boolq": 1
    },
    "config": {
        "model": "hf-causal-experimental",
        "model_args": "pretrained=stabilityai/StableBeluga-13B,dtype=float16,trust_remote_code=True,use_accelerate=True,tokenizer=stabilityai/StableBeluga-13B",
        "num_fewshot": 0,
        "batch_size": null,
        "batch_sizes": [],
        "device": null,
        "no_cache": false,
        "limit": null,
        "bootstrap_iters": 100000,
        "description_dict": null
    }
}