{
    "tasks": {
        "openbookqa": 46.800000000000004,
        "arc_easy": 78.82996632996633,
        "winogrande": 74.11207576953433,
        "hellaswag": 79.89444333798048,
        "arc_challenge": 55.972696245733786,
        "piqa": 80.9575625680087,
        "boolq": 82.5993883792049
    },
    "average": 71.30944751863265
}