{
    "tasks": {
        "openbookqa": 0.468,
        "arc_easy": 0.7882996632996633,
        "winogrande": 0.7411207576953434,
        "hellaswag": 0.7989444333798048,
        "arc_challenge": 0.5597269624573379,
        "piqa": 0.809575625680087,
        "boolq": 0.825993883792049
    },
    "average": 0.7130944751863265
}