{
    "tasks": {
        "Pandas": 0.037800687285223365,
        "Numpy": 0.05,
        "Matplotlib": 0.1935483870967742,
        "Tensorflow": 0.08888888888888889,
        "Scipy": 0.018867924528301886,
        "Sklearn": 0.06086956521739131,
        "Pytorch": 0.08823529411764706
    },
    "average": 0.0768872495906038
}