{
    "benchmarks": {
        "cot": 0.6294567572235339,
        "human-eval-plus": 0.4024390243902439,
        "mt-bench": 7.684375
    }
}