{
    "benchmarks": {
        "cot": 0.6294567572235339,
        "human-eval-plus": 0.4024390243902439,
        "lm-evaluation-harness": 72.23049191482187,
        "mt-bench": 7.684375
    },
    "total": 66.95892118069074
}