{
    "cot": 0.46853589856995437,
    "human-eval-plus": 0.4024390243902439,
    "lm-evaluation-harness": 72.23049191482187,
    "mt-bench": 7.684375,
    "ds1000": 0.18455980928601515,
    "code": 0.26626451495010095,
    "total": 56.375026725782575
}