{
    "cot": 0.4649477812177503,
    "human-eval-plus": 0.4024390243902439,
    "lm-evaluation-harness": 72.23049191482187,
    "mt-bench": 7.684375,
    "ds1000": 0.18455980928601515,
    "code": 0.2753428155794438,
    "total": 54.08384769774567
}