{
    "benchmarks": {
        "cot": 0.4649477812177503,
        "human-eval-plus": 0.4024390243902439,
        "lm-evaluation-harness": 72.23049191482187,
        "mt-bench": 7.684375
    },
    "total": 63.6216628577047
}