{
    "benchmarks": {
        "human-eval-plus": 0.4024390243902439,
        "lm-evaluation-harness": 72.23049191482187,
        "mt-bench": 7.684375
    }
}