{
    "benchmarks": {
        "cot": 0.3585436697008131,
        "human-eval-plus": 0.24593495934959347,
        "lm-evaluation-harness": 71.93940408939434,
        "mt-bench": 6.625
    },
    "total": 57.76222194926244
}