{
    "tasks": {
        "openbookqa": 0.5,
        "arc_easy": 0.8021885521885522,
        "winogrande": 0.7371744277821626,
        "hellaswag": 0.8128858793069109,
        "arc_challenge": 0.53839590443686,
        "piqa": 0.8041349292709467,
        "boolq": 0.8409785932721713
    },
    "average": 0.7193940408939434
}