{
    "tasks": {
        "openbookqa": 50.0,
        "arc_easy": 80.21885521885523,
        "winogrande": 73.71744277821625,
        "hellaswag": 81.2885879306911,
        "arc_challenge": 53.839590443686006,
        "piqa": 80.41349292709467,
        "boolq": 84.09785932721712
    },
    "average": 71.93940408939434
}