{
    "benchmarks": {
        "cot": 0.16395087719298246,
        "human-eval-plus": 0.09756097560975609,
        "lm-evaluation-harness": 65.2312715225068,
        "mt-bench": 6.06875
    },
    "total": 44.78591119192849
}