{
    "benchmarks": {
        "cot": 0.24913999196902403,
        "human-eval-plus": 0.09756097560975609,
        "lm-evaluation-harness": 0.6523127152250681,
        "mt-bench": 6.06875
    },
    "total": 49.41097090375456
}