{
    "benchmarks": {
        "cot": 0.16395087719298246,
        "human-eval-plus": 0.09756097560975609,
        "lm-evaluation-harness": 65.2312715225068,
        "mt-bench": 6.06875,
        "ds1000": 0.017631213591809868
    },
    "code": 0.30561168659572474,
    "total": 31.399678325330267
}