{
    "benchmarks": {
        "cot": 0.2233278245328631,
        "human-eval-plus": 0.09756097560975609,
        "lm-evaluation-harness": 65.2312715225068,
        "mt-bench": 6.06875
    },
    "total": 49.00113358897707
}