{
    "NousResearch/Nous-Hermes-13b": 1072.87937842316,
    "OpenAssistant/falcon-40b-sft-mix-1226": 997.8323231827917,
    "OpenAssistant/falcon-40b-sft-top1-560": 1123.7289609417403,
    "OpenAssistant/llama-30b-sft-v8-2.5k-steps": 955.0457623970947,
    "OpenAssistant/oasst-rlhf-3-llama-30b-5k-steps": 951.732861451927,
    "OpenAssistant/oasst-sft-1-pythia-12b": 942.5060030228888,
    "OpenAssistant/oasst-sft-7-llama-30b": 930.4930775562808,
    "OpenAssistant/oasst-sft-7e3-llama-30b": 920.7059916030246,
    "OpenAssistant/pythia-12b-sft-v8-7k-steps": 936.3606143564812,
    "gpt-3.5-turbo-0301": 1132.4350748244615,
    "WizardLM/WizardCoder-15B-V1.0": 833.7545912712774,
    "gpt-3.5-turbo-0613": 1244.1472518746366,
    "mosaicml/mpt-30b-chat": 1120.4764380612776,
    "tiiuae/falcon-40b-instruct": 913.5368412507169,
    "tiiuae/falcon-7b-instruct": 830.9552778184479,
    "timdettmers/guanaco-65b-merged": 1064.61306959205,
    "mosaicml/mpt-7b-chat": 1028.7964823717393
}