{
    "NousResearch/Nous-Hermes-13b": 1081.7573038294959,
    "OpenAssistant/falcon-40b-sft-mix-1226": 1015.3743815523801,
    "OpenAssistant/falcon-40b-sft-top1-560": 1124.932686496837,
    "OpenAssistant/llama-30b-sft-v8-2.5k-steps": 957.7630106376411,
    "OpenAssistant/oasst-rlhf-3-llama-30b-5k-steps": 981.4454179149409,
    "OpenAssistant/oasst-sft-1-pythia-12b": 945.8208353996916,
    "OpenAssistant/oasst-sft-7-llama-30b": 937.313544801577,
    "OpenAssistant/oasst-sft-7e3-llama-30b": 928.5207825778331,
    "OpenAssistant/pythia-12b-sft-v8-7k-steps": 944.6809717034314,
    "gpt-3.5-turbo-0301": 1141.6023104692304,
    "tiiuae/falcon-40b-instruct": 925.8526398549417,
    "tiiuae/falcon-7b-instruct": 834.9485184035123,
    "timdettmers/guanaco-65b-merged": 1050.8549665511084,
    "WizardLM/WizardCoder-15B-V1.0": 856.3492718408605,
    "gpt-3.5-turbo-0613": 1272.7833579665335
}