{
    "NousResearch/Nous-Hermes-13b": 1073.0754092933296,
    "OpenAssistant/falcon-40b-sft-mix-1226": 1007.2649695406096,
    "OpenAssistant/falcon-40b-sft-top1-560": 1115.061537070076,
    "OpenAssistant/llama-30b-sft-v8-2.5k-steps": 952.4438160398848,
    "OpenAssistant/oasst-rlhf-3-llama-30b-5k-steps": 974.2256237860897,
    "OpenAssistant/oasst-sft-1-pythia-12b": 936.3932679569197,
    "OpenAssistant/oasst-sft-7-llama-30b": 928.416067271145,
    "OpenAssistant/oasst-sft-7e3-llama-30b": 920.0451447844954,
    "OpenAssistant/pythia-12b-sft-v8-7k-steps": 934.955837742839,
    "gpt-3.5-turbo-0301": 1134.0352550090236,
    "tiiuae/falcon-40b-instruct": 919.7794309118119,
    "tiiuae/falcon-7b-instruct": 825.6632634318049,
    "timdettmers/guanaco-65b-merged": 1041.2301356329554,
    "WizardLM/WizardCoder-15B-V1.0": 849.4808115050961,
    "gpt-3.5-turbo-0613": 1263.669289516135,
    "mosaicml/mpt-30b-chat": 1124.2601405077844
}