{
    "NousResearch/Nous-Hermes-13b": 1078.0835134397933,
    "OpenAssistant/falcon-40b-sft-mix-1226": 1021.3149055387358,
    "OpenAssistant/falcon-40b-sft-top1-560": 1118.5172326260779,
    "OpenAssistant/llama-30b-sft-v8-2.5k-steps": 962.9866538322094,
    "OpenAssistant/oasst-rlhf-3-llama-30b-5k-steps": 976.1034433724531,
    "OpenAssistant/oasst-sft-1-pythia-12b": 941.4294562246511,
    "OpenAssistant/oasst-sft-7-llama-30b": 934.0847730899187,
    "OpenAssistant/oasst-sft-7e3-llama-30b": 920.900122976771,
    "OpenAssistant/pythia-12b-sft-v8-7k-steps": 946.5004356103872,
    "gpt-3.5-turbo-0301": 1135.7896180829748,
    "tiiuae/falcon-40b-instruct": 933.7592229065403,
    "tiiuae/falcon-7b-instruct": 836.7892725320233,
    "timdettmers/guanaco-65b-merged": 1050.3698284322243,
    "WizardLM/WizardCoder-15B-V1.0": 856.7193008071038,
    "gpt-3.5-turbo-0613": 1286.6522205281537
}