{
    "NousResearch/Nous-Hermes-13b": 1074.3165448621396,
    "OpenAssistant/falcon-40b-sft-mix-1226": 998.1480161314307,
    "OpenAssistant/falcon-40b-sft-top1-560": 1123.6932755114071,
    "OpenAssistant/llama-30b-sft-v8-2.5k-steps": 958.610427644168,
    "OpenAssistant/oasst-rlhf-3-llama-30b-5k-steps": 954.7221383858449,
    "OpenAssistant/oasst-sft-1-pythia-12b": 943.1919719006726,
    "OpenAssistant/oasst-sft-7-llama-30b": 930.7239530838411,
    "OpenAssistant/oasst-sft-7e3-llama-30b": 925.2400057020863,
    "OpenAssistant/pythia-12b-sft-v8-7k-steps": 939.4586921745682,
    "gpt-3.5-turbo-0301": 1135.2341790940593,
    "WizardLM/WizardCoder-15B-V1.0": 835.2312923498973,
    "gpt-3.5-turbo-0613": 1243.001844816974,
    "mosaicml/mpt-30b-chat": 1120.2188287033684,
    "tiiuae/falcon-40b-instruct": 916.1860859509345,
    "tiiuae/falcon-7b-instruct": 834.9469632029751,
    "timdettmers/guanaco-65b-merged": 1067.0757804856382
}