{
    "NousResearch/Nous-Hermes-13b": 1068.4024574299103,
    "OpenAssistant/falcon-40b-sft-mix-1226": 1027.9295085633762,
    "OpenAssistant/falcon-40b-sft-top1-560": 1097.3044736752686,
    "OpenAssistant/llama-30b-sft-v8-2.5k-steps": 961.8693128753904,
    "OpenAssistant/oasst-rlhf-3-llama-30b-5k-steps": 990.8032612782682,
    "OpenAssistant/oasst-sft-1-pythia-12b": 948.1724855413852,
    "OpenAssistant/oasst-sft-7-llama-30b": 939.7152567628142,
    "OpenAssistant/oasst-sft-7e3-llama-30b": 920.4852491991641,
    "OpenAssistant/pythia-12b-sft-v8-7k-steps": 953.3501427271028,
    "gpt-3.5-turbo-0301": 1132.2470453168862,
    "tiiuae/falcon-40b-instruct": 931.5649551231447,
    "tiiuae/falcon-7b-instruct": 832.9177729897962,
    "timdettmers/guanaco-65b-merged": 1044.0683494772302,
    "WizardLM/WizardCoder-15B-V1.0": 873.9336907905978,
    "gpt-3.5-turbo-0613": 1277.2360382496759
}