{
    "NousResearch/Nous-Hermes-13b": 0.8222190620043246,
    "OpenAssistant/falcon-40b-sft-mix-1226": 0.6714660641669916,
    "OpenAssistant/falcon-40b-sft-top1-560": 0.8943336219262473,
    "OpenAssistant/llama-30b-sft-v8-2.5k-steps": 0.5570160903387352,
    "OpenAssistant/oasst-rlhf-3-llama-30b-5k-steps": 0.5432805024071297,
    "OpenAssistant/oasst-sft-1-pythia-12b": 0.5131177881500147,
    "OpenAssistant/oasst-sft-7-llama-30b": 0.47368952572165957,
    "OpenAssistant/oasst-sft-7e3-llama-30b": 0.43840094922701356,
    "OpenAssistant/pythia-12b-sft-v8-7k-steps": 0.49416232081613354,
    "gpt-3.5-turbo-0301": 0.9050625065027561,
    "WizardLM/WizardCoder-15B-V1.0": 0.01492533609043792,
    "gpt-3.5-turbo-0613": 1.0,
    "mosaicml/mpt-30b-chat": 0.8894363041538162,
    "tiiuae/falcon-40b-instruct": 0.40833679945749257,
    "tiiuae/falcon-7b-instruct": 0.0,
    "timdettmers/guanaco-65b-merged": 0.8098211301127042,
    "mosaicml/mpt-7b-chat": 0.7415166469707462
}