{
    "NousResearch/Nous-Hermes-13b": 0.8725900231733545,
    "OpenAssistant/oasst-sft-1-pythia-12b": 0.620281687615569,
    "OpenAssistant/pythia-12b-sft-v8-7k-steps": 0.12479476482396354,
    "WizardLM/WizardCoder-15B-V1.0": 0.20082762459398967,
    "lmsys/vicuna-33b-v1.3": 1.0,
    "lmsys/vicuna-7b-v1.3": 0.8813341366265911,
    "mosaicml/mpt-30b-chat": 0.9769514239154685,
    "mosaicml/mpt-7b-chat": 0.7966516042058895,
    "tiiuae/falcon-7b-instruct": 0.0
}