{
    "NousResearch/Nous-Hermes-13b": 0.8207288653812667,
    "OpenAssistant/falcon-40b-sft-mix-1226": 0.6711690459625919,
    "OpenAssistant/falcon-40b-sft-top1-560": 0.8949408581278023,
    "OpenAssistant/llama-30b-sft-v8-2.5k-steps": 0.5609495192745799,
    "OpenAssistant/oasst-rlhf-3-llama-30b-5k-steps": 0.5501509952234213,
    "OpenAssistant/oasst-sft-1-pythia-12b": 0.5141037689700929,
    "OpenAssistant/oasst-sft-7-llama-30b": 0.4738015015373111,
    "OpenAssistant/oasst-sft-7e3-llama-30b": 0.44377821496770714,
    "OpenAssistant/pythia-12b-sft-v8-7k-steps": 0.4931921632209124,
    "gpt-3.5-turbo-0301": 0.9037172489575153,
    "WizardLM/WizardCoder-15B-V1.0": 0.029914693923303173,
    "gpt-3.5-turbo-0613": 1.0,
    "mosaicml/mpt-30b-chat": 0.8878900615394884,
    "tiiuae/falcon-40b-instruct": 0.41557457889186894,
    "tiiuae/falcon-7b-instruct": 0.0,
    "timdettmers/guanaco-65b-merged": 0.8102919315476578,
    "mosaicml/mpt-7b-chat": 0.7379911693902812,
    "lmsys/vicuna-33b-v1.3": 0.8759420039864981
}