{
    "NousResearch/Nous-Hermes-13b": 0.8269131017713273,
    "OpenAssistant/falcon-40b-sft-mix-1226": 0.6810729587334579,
    "OpenAssistant/falcon-40b-sft-top1-560": 0.8940967508292917,
    "OpenAssistant/llama-30b-sft-v8-2.5k-steps": 0.568159036805328,
    "OpenAssistant/oasst-rlhf-3-llama-30b-5k-steps": 0.56380732031338,
    "OpenAssistant/oasst-sft-1-pythia-12b": 0.524826302030608,
    "OpenAssistant/oasst-sft-7-llama-30b": 0.48914244937150386,
    "OpenAssistant/oasst-sft-7e3-llama-30b": 0.46316466977007364,
    "OpenAssistant/pythia-12b-sft-v8-7k-steps": 0.5027266445804306,
    "gpt-3.5-turbo-0301": 0.9054474380280109,
    "WizardLM/WizardCoder-15B-V1.0": 0.046154342001521104,
    "gpt-3.5-turbo-0613": 1.0,
    "mosaicml/mpt-30b-chat": 0.8930647309936192,
    "tiiuae/falcon-40b-instruct": 0.428632794197022,
    "tiiuae/falcon-7b-instruct": 0.0,
    "timdettmers/guanaco-65b-merged": 0.8144245394073707,
    "mosaicml/mpt-7b-chat": 0.7489227076963444,
    "lmsys/vicuna-33b-v1.3": 0.8795625258521591,
    "lmsys/vicuna-7b-v1.3": 0.7584914843622413
}