{
    "tasks": {
        "openbookqa": 43.8,
        "arc_easy": 69.31818181818183,
        "winogrande": 67.40331491712708,
        "hellaswag": 74.49711212905795,
        "arc_challenge": 43.430034129692835,
        "piqa": 78.45484221980414,
        "boolq": 76.42201834862385
    },
    "average": 64.76078622321252
}