{
    "tasks": {
        "openbookqa": 0.438,
        "arc_easy": 0.6931818181818182,
        "winogrande": 0.6740331491712708,
        "hellaswag": 0.7449711212905795,
        "arc_challenge": 0.43430034129692835,
        "piqa": 0.7845484221980413,
        "boolq": 0.7642201834862385
    },
    "average": 0.6476078622321253
}