{
    "results": {
        "openbookqa": {
            "acc": 0.362,
            "acc_stderr": 0.021513662527582404,
            "acc_norm": 0.466,
            "acc_norm_stderr": 0.022331264423258383
        },
        "arc_easy": {
            "acc": 0.7765151515151515,
            "acc_stderr": 0.008548052926530155,
            "acc_norm": 0.7445286195286195,
            "acc_norm_stderr": 0.00894911355166556
        },
        "winogrande": {
            "acc": 0.7182320441988951,
            "acc_stderr": 0.012643326011852944
        },
        "hellaswag": {
            "acc": 0.6142202748456482,
            "acc_stderr": 0.004857840934549156,
            "acc_norm": 0.7999402509460267,
            "acc_norm_stderr": 0.003992272261659561
        },
        "arc_challenge": {
            "acc": 0.49402730375426623,
            "acc_stderr": 0.014610348300255795,
            "acc_norm": 0.5085324232081911,
            "acc_norm_stderr": 0.014609263165632182
        },
        "piqa": {
            "acc": 0.7910772578890098,
            "acc_stderr": 0.009485227030105079,
            "acc_norm": 0.7872687704026116,
            "acc_norm_stderr": 0.009548223123047352
        },
        "boolq": {
            "acc": 0.7941896024464832,
            "acc_stderr": 0.007071121408418021
        }
    },
    "versions": {
        "openbookqa": 0,
        "arc_easy": 0,
        "winogrande": 0,
        "hellaswag": 0,
        "arc_challenge": 0,
        "piqa": 0,
        "boolq": 1
    },
    "config": {
        "model": "hf-causal-experimental",
        "model_args": "pretrained=NousResearch/Nous-Hermes-13b,dtype=float16,trust_remote_code=True,use_accelerate=True",
        "num_fewshot": 0,
        "batch_sizes": [],
        "device": null,
        "no_cache": false,
        "limit": null,
        "bootstrap_iters": 100000,
        "description_dict": null
    }
}
