{
    "tasks": {
        "openbookqa": 46.6,
        "arc_easy": 74.45286195286195,
        "winogrande": 71.8232044198895,
        "hellaswag": 79.99402509460268,
        "arc_challenge": 50.85324232081911,
        "piqa": 78.72687704026116,
        "boolq": 79.41896024464832
    },
    "average": 68.83845301044039
}