{
    "tasks": {
        "openbookqa": 0.466,
        "arc_easy": 0.7445286195286195,
        "winogrande": 0.7182320441988951,
        "hellaswag": 0.7999402509460267,
        "arc_challenge": 0.5085324232081911,
        "piqa": 0.7872687704026116,
        "boolq": 0.7941896024464832
    },
    "average": 0.6883845301044039
}