{
    "cot": 0.33848088155798955,
    "human-eval-plus": 0.039634146341463415,
    "mt-bench": 5.515625,
    "ds1000": 0.05009192637899905,
    "code": 0.04617025886492319,
    "total": 38.02884334557216
}