{
    "benchmarks": {
        "cot": 0.07220227038183695,
        "human-eval-plus": 0.004065040650406503,
        "lm-evaluation-harness": 62.499676950878346,
        "mt-bench": 3.875
    },
    "total": 18.196842709355884
}