{
    "benchmarks": {
        "cot": 0.09542072117918475,
        "human-eval-plus": 0.004065040650406503,
        "lm-evaluation-harness": 62.499676950878346,
        "mt-bench": 3.875
    },
    "total": 39.333837152529036
}