{
    "benchmarks": {
        "cot": 0.3670113519091847,
        "human-eval-plus": 0.004065040650406503,
        "lm-evaluation-harness": 62.499676950878346,
        "mt-bench": 3.875
    },
    "total": 43.64606606908151
}