{
    "benchmarks": {
        "cot": 0.2814011008065887,
        "human-eval-plus": 0.23577235772357721,
        "lm-evaluation-harness": 72.4790335586658,
        "mt-bench": 6.240625
    },
    "total": 55.76602741879098
}