{
    "tasks": {
        "Pandas": 0.020618556701030927,
        "Numpy": 0.08636363636363636,
        "Matplotlib": 0.12258064516129032,
        "Tensorflow": 0.022222222222222223,
        "Scipy": 0.07547169811320754,
        "Sklearn": 0.06086956521739131,
        "Pytorch": 0.04411764705882353
    },
    "average": 0.061749138691086024
}