{
    "tasks": {
        "openbookqa": 0.44,
        "arc_easy": 0.7369528619528619,
        "winogrande": 0.7111286503551697,
        "hellaswag": 0.7962557259510058,
        "arc_challenge": 0.5017064846416383,
        "piqa": 0.7910772578890098,
        "boolq": 0.8162079510703364
    },
    "average": 0.6847612759800031
}