{
    "tasks": {
        "openbookqa": 44.0,
        "arc_easy": 73.69528619528619,
        "winogrande": 71.11286503551698,
        "hellaswag": 79.62557259510058,
        "arc_challenge": 50.170648464163826,
        "piqa": 79.10772578890098,
        "boolq": 81.62079510703364
    },
    "average": 68.47612759800032
}