{
    "tasks": {
        "Pandas": 0.4536082474226804,
        "Numpy": 0.6363636363636364,
        "Matplotlib": 0.7096774193548387,
        "Tensorflow": 0.5555555555555556,
        "Scipy": 0.5094339622641509,
        "Sklearn": 0.6,
        "Pytorch": 0.5147058823529411
    },
    "average": 0.5684778147591147
}