{
    "first_turn": 7.55625,
    "second_turn": 7.7625,
    "average": 7.659375000000001
}