{
    "first_turn": 6.775,
    "second_turn": 6.13125,
    "average": 6.453125
}