{
    "tasks": {
        "Pandas": 0.23711340206185566,
        "Numpy": 0.2772727272727273,
        "Matplotlib": 0.5225806451612903,
        "Tensorflow": 0.4,
        "Scipy": 0.2169811320754717,
        "Sklearn": 0.23478260869565218,
        "Pytorch": 0.3235294117647059
    },
    "average": 0.31603713243310044
}