{
    "tasks": {
        "Pandas": 0.006872852233676976,
        "Numpy": 0.07272727272727272,
        "Matplotlib": 0.1870967741935484,
        "Tensorflow": 0.044444444444444446,
        "Scipy": 0.05660377358490566,
        "Sklearn": 0.02608695652173913,
        "Pytorch": 0.0
    },
    "average": 0.05626172481508391
}