{
    "benchmarks": {
        "cot": 0.28296552632036276,
        "human-eval-plus": 0.13414634146341464,
        "lm-evaluation-harness": 0.7239283483979803,
        "mt-bench": 6.590268987341772
    },
    "total": 55.00299462020706
}