{
    "cot": 0.2813143839992137,
    "human-eval-plus": 0.26280487804878044,
    "mt-bench": 6.69375,
    "ds1000": 0.0768872495906038,
    "code": 0.14660636026242005,
    "total": 42.66089085670697
}