{
    "tasks": {
        "Pandas": 0.020618556701030927,
        "Numpy": 0.15,
        "Matplotlib": 0.23225806451612904,
        "Tensorflow": 0.15555555555555556,
        "Scipy": 0.1320754716981132,
        "Sklearn": 0.034782608695652174,
        "Pytorch": 0.07352941176470588
    },
    "average": 0.1141170955615981
}