{
    "benchmarks": {
        "cot": 0.18814117647058826,
        "human-eval-plus": 0.16463414634146337,
        "lm-evaluation-harness": 68.83845301044039,
        "mt-bench": 6.234375
    },
    "total": 51.50532447941504
}