{
    "benchmarks": {
        "cot": 0.24765856756116242,
        "human-eval-plus": 0.16463414634146337,
        "lm-evaluation-harness": 0.6883845301044039,
        "mt-bench": 6.234375
    },
    "total": 52.45032252374628
}