{
    "cot": 0.18814117647058826,
    "human-eval-plus": 0.16463414634146337,
    "lm-evaluation-harness": 68.83845301044039,
    "mt-bench": 6.234375,
    "ds1000": 0.09083291968719945,
    "code": 0.7295005847588565,
    "total": 34.6285846919766
}