{
    "benchmarks": {
        "cot": 0.9692058823529413,
        "human-eval-plus": 0.16463414634146337,
        "lm-evaluation-harness": 68.83845301044039,
        "mt-bench": 6.234375
    },
    "total": 63.90681933714025
}