{
    "results": {
        "openbookqa": {
            "acc": 0.352,
            "acc_stderr": 0.021380042385946048,
            "acc_norm": 0.444,
            "acc_norm_stderr": 0.02224224437573102
        },
        "arc_easy": {
            "acc": 0.7984006734006734,
            "acc_stderr": 0.00823233772807355,
            "acc_norm": 0.7773569023569024,
            "acc_norm_stderr": 0.008536562816620118
        },
        "winogrande": {
            "acc": 0.7158642462509865,
            "acc_stderr": 0.012675392786772724
        },
        "hellaswag": {
            "acc": 0.6145190201155148,
            "acc_stderr": 0.004857140410776741,
            "acc_norm": 0.8000398327026489,
            "acc_norm_stderr": 0.003991526963509786
        },
        "arc_challenge": {
            "acc": 0.5008532423208191,
            "acc_stderr": 0.014611369529813276,
            "acc_norm": 0.5162116040955631,
            "acc_norm_stderr": 0.014603708567414947
        },
        "piqa": {
            "acc": 0.794341675734494,
            "acc_stderr": 0.009430229076102505,
            "acc_norm": 0.8063112078346029,
            "acc_norm_stderr": 0.009220384152336641
        },
        "boolq": {
            "acc": 0.8015290519877676,
            "acc_stderr": 0.0069759064185350465
        }
    },
    "versions": {
        "openbookqa": 0,
        "arc_easy": 0,
        "winogrande": 0,
        "hellaswag": 0,
        "arc_challenge": 0,
        "piqa": 0,
        "boolq": 1
    },
    "config": {
        "model": "hf-causal-experimental",
        "model_args": "pretrained=mosaicml/mpt-30b-chat,dtype=bfloat16,trust_remote_code=True,use_accelerate=True",
        "num_fewshot": 0,
        "batch_size": null,
        "batch_sizes": [],
        "device": null,
        "no_cache": false,
        "limit": null,
        "bootstrap_iters": 100000,
        "description_dict": null
    }
}