{
    "tasks": {
        "openbookqa": 0.444,
        "arc_easy": 0.7773569023569024,
        "winogrande": 0.7158642462509865,
        "hellaswag": 0.8000398327026489,
        "arc_challenge": 0.5162116040955631,
        "piqa": 0.8063112078346029,
        "boolq": 0.8015290519877676
    },
    "average": 0.6944732636040674
}