{
    "tasks": {
        "openbookqa": 44.4,
        "arc_easy": 77.73569023569024,
        "winogrande": 71.58642462509866,
        "hellaswag": 80.00398327026488,
        "arc_challenge": 51.62116040955631,
        "piqa": 80.63112078346029,
        "boolq": 80.15290519877676
    },
    "average": 69.44732636040673
}