{
    "tasks": {
        "Pandas": 0.024054982817869417,
        "Numpy": 0.04090909090909091,
        "Matplotlib": 0.10967741935483871,
        "Tensorflow": 0.022222222222222223,
        "Scipy": 0.02830188679245283,
        "Sklearn": 0.034782608695652174,
        "Pytorch": 0.0
    },
    "average": 0.037135458684589465
}