{
    "results": {
        "openbookqa": {
            "acc": 0.364,
            "acc_stderr": 0.02153917063731769,
            "acc_norm": 0.446,
            "acc_norm_stderr": 0.022252153078595897
        },
        "arc_easy": {
            "acc": 0.7508417508417509,
            "acc_stderr": 0.008875238553583185,
            "acc_norm": 0.5879629629629629,
            "acc_norm_stderr": 0.010099765857562762
        },
        "winogrande": {
            "acc": 0.7726913970007893,
            "acc_stderr": 0.011778612167091088
        },
        "hellaswag": {
            "acc": 0.6398127862975503,
            "acc_stderr": 0.004790734683704589,
            "acc_norm": 0.8073093009360686,
            "acc_norm_stderr": 0.003936061455151117
        },
        "arc_challenge": {
            "acc": 0.4684300341296928,
            "acc_stderr": 0.014582236460866973,
            "acc_norm": 0.46331058020477817,
            "acc_norm_stderr": 0.01457200052775699
        },
        "piqa": {
            "acc": 0.8161044613710555,
            "acc_stderr": 0.009038656758892243,
            "acc_norm": 0.808487486398259,
            "acc_norm_stderr": 0.00918080263573396
        },
        "boolq": {
            "acc": 0.8226299694189603,
            "acc_stderr": 0.006680899270344283
        }
    },
    "versions": {
        "openbookqa": 0,
        "arc_easy": 0,
        "winogrande": 0,
        "hellaswag": 0,
        "arc_challenge": 0,
        "piqa": 0,
        "boolq": 1
    },
    "config": {
        "model": "hf-causal-experimental",
        "model_args": "pretrained=huggyllama/llama-65b,dtype=float16,trust_remote_code=True,use_accelerate=True",
        "num_fewshot": 0,
        "batch_size": null,
        "device": null,
        "no_cache": false,
        "limit": null,
        "bootstrap_iters": 100000,
        "description_dict": null
    }
}