{
    "results": {
        "openbookqa": {
            "acc": 0.346,
            "acc_stderr": 0.021294951277234637,
            "acc_norm": 0.454,
            "acc_norm_stderr": 0.02228814759117695
        },
        "arc_easy": {
            "acc": 0.8021885521885522,
            "acc_stderr": 0.008173952955350807,
            "acc_norm": 0.6750841750841751,
            "acc_norm_stderr": 0.009610203604504822
        },
        "winogrande": {
            "acc": 0.7182320441988951,
            "acc_stderr": 0.012643326011852946
        },
        "hellaswag": {
            "acc": 0.6233817964548894,
            "acc_stderr": 0.004835475957610922,
            "acc_norm": 0.791575383389763,
            "acc_norm_stderr": 0.004053518524584592
        },
        "arc_challenge": {
            "acc": 0.5136518771331058,
            "acc_stderr": 0.014605943429860945,
            "acc_norm": 0.4786689419795222,
            "acc_norm_stderr": 0.014598087973127104
        },
        "piqa": {
            "acc": 0.7959738846572362,
            "acc_stderr": 0.009402378102942617,
            "acc_norm": 0.794341675734494,
            "acc_norm_stderr": 0.009430229076102503
        },
        "boolq": {
            "acc": 0.8507645259938837,
            "acc_stderr": 0.006232083461550486
        }
    },
    "versions": {
        "openbookqa": 0,
        "arc_easy": 0,
        "winogrande": 0,
        "hellaswag": 0,
        "arc_challenge": 0,
        "piqa": 0,
        "boolq": 1
    },
    "config": {
        "model": "hf-causal-experimental",
        "model_args": "pretrained=OpenAssistant/oasst-sft-7e3-llama-30b,dtype=float16,trust_remote_code=True,use_accelerate=True",
        "num_fewshot": 0,
        "batch_size": null,
        "device": null,
        "no_cache": false,
        "limit": null,
        "bootstrap_iters": 100000,
        "description_dict": null
    }
}