{
    "results": {
        "openbookqa": {
            "acc": 0.298,
            "acc_stderr": 0.02047511809298899,
            "acc_norm": 0.43,
            "acc_norm_stderr": 0.02216263442665284
        },
        "arc_easy": {
            "acc": 0.6696127946127947,
            "acc_stderr": 0.009651430216428185,
            "acc_norm": 0.6119528619528619,
            "acc_norm_stderr": 0.009999295905750662
        },
        "winogrande": {
            "acc": 0.6235201262825573,
            "acc_stderr": 0.013616931960667185
        },
        "hellaswag": {
            "acc": 0.520812587134037,
            "acc_stderr": 0.004985456752161004,
            "acc_norm": 0.6819358693487353,
            "acc_norm_stderr": 0.004647727222445392
        },
        "arc_challenge": {
            "acc": 0.3583617747440273,
            "acc_stderr": 0.014012883334859862,
            "acc_norm": 0.39761092150170646,
            "acc_norm_stderr": 0.01430175222327954
        },
        "piqa": {
            "acc": 0.7557127312295974,
            "acc_stderr": 0.010024765172284242,
            "acc_norm": 0.7606093579978237,
            "acc_norm_stderr": 0.009955884250291692
        },
        "boolq": {
            "acc": 0.6226299694189602,
            "acc_stderr": 0.00847795786330998
        }
    },
    "versions": {
        "openbookqa": 0,
        "arc_easy": 0,
        "winogrande": 0,
        "hellaswag": 0,
        "arc_challenge": 0,
        "piqa": 0,
        "boolq": 1
    },
    "config": {
        "model": "hf-causal-experimental",
        "model_args": "pretrained=OpenAssistant/oasst-sft-1-pythia-12b",
        "num_fewshot": 0,
        "batch_size": null,
        "device": null,
        "no_cache": false,
        "limit": null,
        "bootstrap_iters": 100000,
        "description_dict": null
    }
}