{
    "results": {
        "openbookqa": {
            "acc": 0.388,
            "acc_stderr": 0.021814300984787635,
            "acc_norm": 0.502,
            "acc_norm_stderr": 0.022382894986483524
        },
        "arc_easy": {
            "acc": 0.8320707070707071,
            "acc_stderr": 0.007670285673828043,
            "acc_norm": 0.8181818181818182,
            "acc_norm_stderr": 0.007914286364836579
        },
        "winogrande": {
            "acc": 0.7734806629834254,
            "acc_stderr": 0.011764149054698332
        },
        "hellaswag": {
            "acc": 0.6581358295160327,
            "acc_stderr": 0.004733649274814508,
            "acc_norm": 0.840071698864768,
            "acc_norm_stderr": 0.0036579044379436553
        },
        "arc_challenge": {
            "acc": 0.5426621160409556,
            "acc_stderr": 0.01455810654392406,
            "acc_norm": 0.5750853242320819,
            "acc_norm_stderr": 0.014445698968520767
        },
        "piqa": {
            "acc": 0.8351468988030468,
            "acc_stderr": 0.008657159497956248,
            "acc_norm": 0.8416757344940152,
            "acc_norm_stderr": 0.008517096465555552
        },
        "boolq": {
            "acc": 0.8581039755351682,
            "acc_stderr": 0.006103059593710166
        }
    },
    "versions": {
        "openbookqa": 0,
        "arc_easy": 0,
        "winogrande": 0,
        "hellaswag": 0,
        "arc_challenge": 0,
        "piqa": 0,
        "boolq": 1
    },
    "config": {
        "model": "hf-causal-experimental",
        "model_args": "pretrained=OpenAssistant/falcon-40b-sft-mix-1226,dtype=bfloat16,trust_remote_code=True,use_accelerate=True",
        "num_fewshot": 0,
        "batch_size": null,
        "device": null,
        "no_cache": false,
        "limit": null,
        "bootstrap_iters": 100000,
        "description_dict": null
    }
}