{
    "results": {
        "openbookqa": {
            "acc": 0.352,
            "acc_stderr": 0.02138004238594605,
            "acc_norm": 0.44,
            "acc_norm_stderr": 0.022221331534143053
        },
        "arc_easy": {
            "acc": 0.7735690235690236,
            "acc_stderr": 0.00858787368679927,
            "acc_norm": 0.6430976430976431,
            "acc_norm_stderr": 0.009830630210347028
        },
        "winogrande": {
            "acc": 0.739542225730071,
            "acc_stderr": 0.012334833671998292
        },
        "hellaswag": {
            "acc": 0.6139215295757817,
            "acc_stderr": 0.004858539527872463,
            "acc_norm": 0.7857996415056762,
            "acc_norm_stderr": 0.0040942798717336715
        },
        "arc_challenge": {
            "acc": 0.4803754266211604,
            "acc_stderr": 0.014600132075947094,
            "acc_norm": 0.47013651877133106,
            "acc_norm_stderr": 0.014585305840007104
        },
        "piqa": {
            "acc": 0.7997823721436343,
            "acc_stderr": 0.00933646538735084,
            "acc_norm": 0.8041349292709467,
            "acc_norm_stderr": 0.009259518041395763
        },
        "boolq": {
            "acc": 0.6975535168195719,
            "acc_stderr": 0.00803351438143218
        }
    },
    "versions": {
        "openbookqa": 0,
        "arc_easy": 0,
        "winogrande": 0,
        "hellaswag": 0,
        "arc_challenge": 0,
        "piqa": 0,
        "boolq": 1
    },
    "config": {
        "model": "hf-causal-experimental",
        "model_args": "pretrained=OpenAssistant/llama-30b-sft-v8-2.5k-steps,dtype=\"float16\"",
        "num_fewshot": 0,
        "batch_size": null,
        "device": null,
        "no_cache": false,
        "limit": null,
        "bootstrap_iters": 100000,
        "description_dict": null
    }
}
