{
    "results": {
        "openbookqa": {
            "acc": 0.282,
            "acc_stderr": 0.020143572847290778,
            "acc_norm": 0.406,
            "acc_norm_stderr": 0.021983962090086333
        },
        "arc_easy": {
            "acc": 0.6910774410774411,
            "acc_stderr": 0.009481048387761351,
            "acc_norm": 0.6401515151515151,
            "acc_norm_stderr": 0.009848484848484829
        },
        "winogrande": {
            "acc": 0.6629834254143646,
            "acc_stderr": 0.01328495576939525
        },
        "hellaswag": {
            "acc": 0.5091615216092412,
            "acc_stderr": 0.004988943721711221,
            "acc_norm": 0.6760605457080263,
            "acc_norm_stderr": 0.004670208128579217
        },
        "arc_challenge": {
            "acc": 0.35665529010238906,
            "acc_stderr": 0.013998056902620199,
            "acc_norm": 0.38054607508532423,
            "acc_norm_stderr": 0.014188277712349814
        },
        "piqa": {
            "acc": 0.7606093579978237,
            "acc_stderr": 0.009955884250291687,
            "acc_norm": 0.7671381936887922,
            "acc_norm_stderr": 0.009861236071080753
        },
        "boolq": {
            "acc": 0.6868501529051988,
            "acc_stderr": 0.008111471401410516
        }
    },
    "versions": {
        "openbookqa": 0,
        "arc_easy": 0,
        "winogrande": 0,
        "hellaswag": 0,
        "arc_challenge": 0,
        "piqa": 0,
        "boolq": 1
    },
    "config": {
        "model": "hf-causal-experimental",
        "model_args": "pretrained=OpenAssistant/pythia-12b-sft-v8-7k-steps",
        "num_fewshot": 0,
        "batch_size": null,
        "device": null,
        "no_cache": false,
        "limit": null,
        "bootstrap_iters": 100000,
        "description_dict": null
    }
}