{
    "results": {
        "openbookqa": {
            "acc": 0.396,
            "acc_stderr": 0.021893529941665817,
            "acc_norm": 0.502,
            "acc_norm_stderr": 0.022382894986483524
        },
        "arc_easy": {
            "acc": 0.8324915824915825,
            "acc_stderr": 0.007662604959624315,
            "acc_norm": 0.7824074074074074,
            "acc_norm_stderr": 0.008466554789073774
        },
        "winogrande": {
            "acc": 0.7624309392265194,
            "acc_stderr": 0.011961298905803159
        },
        "hellaswag": {
            "acc": 0.6854212308305119,
            "acc_stderr": 0.004633988985170258,
            "acc_norm": 0.8573989245170285,
            "acc_norm_stderr": 0.0034895094930016196
        },
        "arc_challenge": {
            "acc": 0.5418088737201365,
            "acc_stderr": 0.014560220308714698,
            "acc_norm": 0.5810580204778157,
            "acc_norm_stderr": 0.014418106953639011
        },
        "piqa": {
            "acc": 0.8286180631120783,
            "acc_stderr": 0.00879235355292954,
            "acc_norm": 0.8351468988030468,
            "acc_norm_stderr": 0.008657159497956247
        },
        "boolq": {
            "acc": 0.8559633027522936,
            "acc_stderr": 0.006141248765571533
        }
    },
    "versions": {
        "openbookqa": 0,
        "arc_easy": 0,
        "winogrande": 0,
        "hellaswag": 0,
        "arc_challenge": 0,
        "piqa": 0,
        "boolq": 1
    },
    "config": {
        "model": "hf-causal-experimental",
        "model_args": "pretrained=OpenAssistant/falcon-40b-sft-top1-560,dtype=bfloat16,trust_remote_code=True,use_accelerate=True",
        "num_fewshot": 0,
        "batch_size": null,
        "device": null,
        "no_cache": false,
        "limit": null,
        "bootstrap_iters": 100000,
        "description_dict": null
    }
}