{
    "results": {
        "openbookqa": {
            "acc": 0.3,
            "acc_stderr": 0.020514426225628046,
            "acc_norm": 0.428,
            "acc_norm_stderr": 0.022149790663861923
        },
        "arc_easy": {
            "acc": 0.6721380471380471,
            "acc_stderr": 0.009632587076170013,
            "acc_norm": 0.6127946127946128,
            "acc_norm_stderr": 0.009995312065890345
        },
        "winogrande": {
            "acc": 0.6187845303867403,
            "acc_stderr": 0.013650172164160312
        },
        "hellaswag": {
            "acc": 0.5204142601075483,
            "acc_stderr": 0.004985620773683433,
            "acc_norm": 0.68123879705238,
            "acc_norm_stderr": 0.0046504387817453054
        },
        "arc_challenge": {
            "acc": 0.35921501706484643,
            "acc_stderr": 0.01402022415583915,
            "acc_norm": 0.39761092150170646,
            "acc_norm_stderr": 0.01430175222327954
        },
        "piqa": {
            "acc": 0.7584330794341676,
            "acc_stderr": 0.009986718001804467,
            "acc_norm": 0.7584330794341676,
            "acc_norm_stderr": 0.00998671800180446
        },
        "boolq": {
            "acc": 0.6211009174311927,
            "acc_stderr": 0.008484678718565017
        }
    },
    "versions": {
        "openbookqa": 0,
        "arc_easy": 0,
        "winogrande": 0,
        "hellaswag": 0,
        "arc_challenge": 0,
        "piqa": 0,
        "boolq": 1
    },
    "config": {
        "model": "hf-causal-experimental",
        "model_args": "pretrained=OpenAssistant/oasst-sft-1-pythia-12b,dtype=float16,trust_remote_code=True,use_accelerate=True",
        "num_fewshot": 0,
        "batch_size": null,
        "device": null,
        "no_cache": false,
        "limit": null,
        "bootstrap_iters": 100000,
        "description_dict": null
    }
}