{
    "results": {
        "openbookqa": {
            "acc": 0.35,
            "acc_stderr": 0.021352091786223108,
            "acc_norm": 0.458,
            "acc_norm_stderr": 0.022303966774269948
        },
        "arc_easy": {
            "acc": 0.8005050505050505,
            "acc_stderr": 0.008200044020959175,
            "acc_norm": 0.6893939393939394,
            "acc_norm_stderr": 0.009495260551195607
        },
        "winogrande": {
            "acc": 0.7237569060773481,
            "acc_stderr": 0.01256681501569816
        },
        "hellaswag": {
            "acc": 0.6203943437562238,
            "acc_stderr": 0.004842969887794104,
            "acc_norm": 0.7946624178450508,
            "acc_norm_stderr": 0.00403122534251681
        },
        "arc_challenge": {
            "acc": 0.5093856655290102,
            "acc_stderr": 0.014608816322065,
            "acc_norm": 0.4863481228668942,
            "acc_norm_stderr": 0.014605943429860945
        },
        "piqa": {
            "acc": 0.809031556039173,
            "acc_stderr": 0.009170836637011908,
            "acc_norm": 0.8008705114254625,
            "acc_norm_stderr": 0.00931739189370684
        },
        "boolq": {
            "acc": 0.8425076452599388,
            "acc_stderr": 0.006371023443537517
        }
    },
    "versions": {
        "openbookqa": 0,
        "arc_easy": 0,
        "winogrande": 0,
        "hellaswag": 0,
        "arc_challenge": 0,
        "piqa": 0,
        "boolq": 1
    },
    "config": {
        "model": "hf-causal-experimental",
        "model_args": "pretrained=OpenAssistant/oasst-rlhf-3-llama-30b-5k-steps,dtype=\"float16\"",
        "num_fewshot": 0,
        "batch_size": null,
        "device": null,
        "no_cache": false,
        "limit": null,
        "bootstrap_iters": 100000,
        "description_dict": null
    }
}
