{
    "results": {
        "openbookqa": {
            "acc": 0.282,
            "acc_stderr": 0.020143572847290778,
            "acc_norm": 0.406,
            "acc_norm_stderr": 0.021983962090086333
        },
        "arc_easy": {
            "acc": 0.6906565656565656,
            "acc_stderr": 0.00948461522060683,
            "acc_norm": 0.6405723905723906,
            "acc_norm_stderr": 0.009845958893373748
        },
        "winogrande": {
            "acc": 0.6637726913970008,
            "acc_stderr": 0.013277286593993444
        },
        "hellaswag": {
            "acc": 0.5091615216092412,
            "acc_stderr": 0.004988943721711221,
            "acc_norm": 0.6761601274646485,
            "acc_norm_stderr": 0.004669834130977069
        },
        "arc_challenge": {
            "acc": 0.35665529010238906,
            "acc_stderr": 0.013998056902620199,
            "acc_norm": 0.38054607508532423,
            "acc_norm_stderr": 0.014188277712349814
        },
        "piqa": {
            "acc": 0.7611534276387377,
            "acc_stderr": 0.009948120385337498,
            "acc_norm": 0.7671381936887922,
            "acc_norm_stderr": 0.009861236071080753
        },
        "boolq": {
            "acc": 0.6868501529051988,
            "acc_stderr": 0.008111471401410516
        }
    },
    "versions": {
        "openbookqa": 0,
        "arc_easy": 0,
        "winogrande": 0,
        "hellaswag": 0,
        "arc_challenge": 0,
        "piqa": 0,
        "boolq": 1
    },
    "config": {
        "model": "hf-causal-experimental",
        "model_args": "pretrained=OpenAssistant/pythia-12b-sft-v8-7k-steps,dtype=float16,trust_remote_code=True,use_accelerate=True",
        "num_fewshot": 0,
        "batch_size": null,
        "device": null,
        "no_cache": false,
        "limit": null,
        "bootstrap_iters": 100000,
        "description_dict": null
    }
}