{
    "results": {
        "openbookqa": {
            "acc": 0.306,
            "acc_stderr": 0.020629569998345403,
            "acc_norm": 0.438,
            "acc_norm_stderr": 0.022210326363977417
        },
        "arc_easy": {
            "acc": 0.7466329966329966,
            "acc_stderr": 0.008924765424529267,
            "acc_norm": 0.7083333333333334,
            "acc_norm_stderr": 0.009326752065621152
        },
        "winogrande": {
            "acc": 0.6732438831886346,
            "acc_stderr": 0.013181997302131366
        },
        "hellaswag": {
            "acc": 0.5770762796255726,
            "acc_stderr": 0.004930138842768223,
            "acc_norm": 0.762796255725951,
            "acc_norm_stderr": 0.004244988937584413
        },
        "arc_challenge": {
            "acc": 0.40017064846416384,
            "acc_stderr": 0.014317197787809174,
            "acc_norm": 0.43600682593856654,
            "acc_norm_stderr": 0.014491225699230916
        },
        "piqa": {
            "acc": 0.795429815016322,
            "acc_stderr": 0.009411688039193563,
            "acc_norm": 0.8052230685527747,
            "acc_norm_stderr": 0.009240006693317728
        },
        "boolq": {
            "acc": 0.735474006116208,
            "acc_stderr": 0.007714546144910642
        }
    },
    "versions": {
        "openbookqa": 0,
        "arc_easy": 0,
        "winogrande": 0,
        "hellaswag": 0,
        "arc_challenge": 0,
        "piqa": 0,
        "boolq": 1
    },
    "config": {
        "model": "hf-causal-experimental",
        "model_args": "pretrained=tiiuae/falcon-7b,dtype=bfloat16,trust_remote_code=True,use_accelerate=True",
        "num_fewshot": 0,
        "batch_size": null,
        "device": null,
        "no_cache": false,
        "limit": null,
        "bootstrap_iters": 100000,
        "description_dict": null
    }
}