{
    "results": {
        "openbookqa": {
            "acc": 0.374,
            "acc_stderr": 0.021660710347204484,
            "acc_norm": 0.476,
            "acc_norm_stderr": 0.0223572738810164
        },
        "arc_easy": {
            "acc": 0.819023569023569,
            "acc_stderr": 0.007900005660423315,
            "acc_norm": 0.79503367003367,
            "acc_norm_stderr": 0.008283277600626403
        },
        "winogrande": {
            "acc": 0.7671665351223362,
            "acc_stderr": 0.011878201073856546
        },
        "hellaswag": {
            "acc": 0.640211113324039,
            "acc_stderr": 0.004789575163418653,
            "acc_norm": 0.8286197968532165,
            "acc_norm_stderr": 0.0037607069750392945
        },
        "arc_challenge": {
            "acc": 0.5025597269624573,
            "acc_stderr": 0.014611199329843784,
            "acc_norm": 0.5443686006825939,
            "acc_norm_stderr": 0.014553749939306864
        },
        "piqa": {
            "acc": 0.8210010881392819,
            "acc_stderr": 0.008944220220204944,
            "acc_norm": 0.8318824809575626,
            "acc_norm_stderr": 0.008725350811241685
        },
        "boolq": {
            "acc": 0.8171253822629969,
            "acc_stderr": 0.0067610415662406696
        }
    },
    "versions": {
        "openbookqa": 0,
        "arc_easy": 0,
        "winogrande": 0,
        "hellaswag": 0,
        "arc_challenge": 0,
        "piqa": 0,
        "boolq": 1
    },
    "config": {
        "model": "hf-causal-experimental",
        "model_args": "pretrained=tiiuae/falcon-40b,dtype=bfloat16,trust_remote_code=True,use_accelerate=True",
        "num_fewshot": 0,
        "batch_size": null,
        "device": null,
        "no_cache": false,
        "limit": null,
        "bootstrap_iters": 100000,
        "description_dict": null
    }
}