{
    "results": {
        "openbookqa": {
            "acc": 0.294,
            "acc_stderr": 0.020395095484936614,
            "acc_norm": 0.412,
            "acc_norm_stderr": 0.022033677993740862
        },
        "arc_easy": {
            "acc": 0.7264309764309764,
            "acc_stderr": 0.009147424438490733,
            "acc_norm": 0.6801346801346801,
            "acc_norm_stderr": 0.009570821820573581
        },
        "winogrande": {
            "acc": 0.6685082872928176,
            "acc_stderr": 0.01323039719896465
        },
        "hellaswag": {
            "acc": 0.5162318263294164,
            "acc_stderr": 0.004987151381091179,
            "acc_norm": 0.6977693686516631,
            "acc_norm_stderr": 0.004582861219020896
        },
        "arc_challenge": {
            "acc": 0.40017064846416384,
            "acc_stderr": 0.01431719778780918,
            "acc_norm": 0.4249146757679181,
            "acc_norm_stderr": 0.014445698968520769
        },
        "piqa": {
            "acc": 0.7850924918389554,
            "acc_stderr": 0.009583665082653304,
            "acc_norm": 0.7850924918389554,
            "acc_norm_stderr": 0.009583665082653313
        },
        "boolq": {
            "acc": 0.709480122324159,
            "acc_stderr": 0.007940549952156449
        }
    },
    "versions": {
        "openbookqa": 0,
        "arc_easy": 0,
        "winogrande": 0,
        "hellaswag": 0,
        "arc_challenge": 0,
        "piqa": 0,
        "boolq": 1
    },
    "config": {
        "model": "hf-causal-experimental",
        "model_args": "pretrained=tiiuae/falcon-7b-instruct,dtype=bfloat16,trust_remote_code=True,use_accelerate=True",
        "num_fewshot": 0,
        "batch_size": null,
        "device": null,
        "no_cache": false,
        "limit": null,
        "bootstrap_iters": 100000,
        "description_dict": null
    }
}