{
    "tasks": {
        "Pandas": 0.030927835051546393,
        "Numpy": 0.11818181818181818,
        "Matplotlib": 0.3096774193548387,
        "Tensorflow": 0.08888888888888889,
        "Scipy": 0.10377358490566038,
        "Sklearn": 0.043478260869565216,
        "Pytorch": 0.08823529411764706
    },
    "average": 0.11188044305285212
}