{
    "first_turn": 8.6875,
    "second_turn": 8.301282051282051,
    "average": 8.494391025641026
}