{
    "first_turn": 8.53125,
    "second_turn": 7.9,
    "average": 8.215625
}