{
    "first_turn": 8.74375,
    "second_turn": 8.58904109589041,
    "average": 8.666395547945205
}