{
    "benchmarks": {
        "cot": 0.38432619388486244,
        "human-eval-plus": 0.1260162601626016,
        "lm-evaluation-harness": 0.7035287686850494,
        "mt-bench": 6.965625
    },
    "total": 56.390296259563556
}