{
    "benchmarks": {
        "cot": 0.2707240454076367,
        "human-eval-plus": 0.1260162601626016,
        "lm-evaluation-harness": 70.35287686850494,
        "mt-bench": 6.965625
    },
    "total": 51.7779262498002
}