{
    "tasks": {
        "Pandas": 0.14776632302405499,
        "Numpy": 0.29545454545454547,
        "Matplotlib": 0.5032258064516129,
        "Tensorflow": 0.2,
        "Scipy": 0.16981132075471697,
        "Sklearn": 0.19130434782608696,
        "Pytorch": 0.19117647058823528
    },
    "average": 0.24267697344275035
}