{
    "benchmarks": {
        "cot": 0.039966150670794634,
        "human-eval-plus": 0.06300813008130081,
        "lm-evaluation-harness": 58.82804083715428,
        "mt-bench": 4.278125
    },
    "total": 34.60018815524525
}