{
    "benchmarks": {
        "cot": 0.07756334159345823,
        "human-eval-plus": 0.06300813008130081,
        "lm-evaluation-harness": 0.5882804083715428,
        "mt-bench": 4.278125
    },
    "total": 39.14841418401275
}