{
    "cot": 0.1003119393850044,
    "human-eval-plus": 0.06300813008130081,
    "lm-evaluation-harness": 58.82804083715428,
    "mt-bench": 4.278125,
    "ds1000": 0.01005485688991471,
    "code": 0.0299123343366845,
    "total": 23.046007790485987
}