{
    "benchmarks": {
        "human-eval-plus": 0.06300813008130081,
        "lm-evaluation-harness": 58.82804083715428,
        "mt-bench": 4.278125
    }
}