{
    "benchmarks": {
        "cot": 0.039966150670794634,
        "human-eval-plus": 0.06300813008130081,
        "lm-evaluation-harness": 58.82804083715428,
        "mt-bench": 4.278125,
        "ds1000": 0.01005485688991471
    },
    "code": 0.1927123243179535,
    "total": 19.32213072142042
}