{
    "tasks": {
        "openbookqa": 0.428,
        "arc_easy": 0.6127946127946128,
        "winogrande": 0.6187845303867403,
        "hellaswag": 0.68123879705238,
        "arc_challenge": 0.39761092150170646,
        "piqa": 0.7584330794341676,
        "boolq": 0.6211009174311927
    },
    "average": 0.5882804083715428
}