{
    "tasks": {
        "openbookqa": 42.8,
        "arc_easy": 61.27946127946128,
        "winogrande": 61.87845303867403,
        "hellaswag": 68.123879705238,
        "arc_challenge": 39.76109215017065,
        "piqa": 75.84330794341676,
        "boolq": 62.11009174311927
    },
    "average": 58.82804083715428
}