{
    "first_turn": 4.93125,
    "second_turn": 3.625,
    "average": 4.278125
}