{
    "tasks": {
        "arc_challenge": 58.87372013651877,
        "arc_easy": 78.493265993266,
        "boolq": 89.29663608562691,
        "hellaswag": 84.90340569607649,
        "openbookqa": 50.0,
        "piqa": 82.97062023939064,
        "winogrande": 79.71586424625099
    },
    "average": 74.89335891387569
}