{
    "tasks": {
        "openbookqa": 0.494,
        "arc_easy": 0.8042929292929293,
        "winogrande": 0.739542225730071,
        "hellaswag": 0.8161720772754432,
        "arc_challenge": 0.5477815699658704,
        "piqa": 0.8106637649619152,
        "boolq": 0.8550458715596331
    },
    "average": 0.7239283483979803
}