{
    "tasks": {
        "openbookqa": 49.4,
        "arc_easy": 80.42929292929293,
        "winogrande": 73.9542225730071,
        "hellaswag": 81.61720772754431,
        "arc_challenge": 54.778156996587036,
        "piqa": 81.06637649619152,
        "boolq": 85.5045871559633
    },
    "average": 72.39283483979803
}