{
    "benchmarks": {
        "cot": 0.11004327991703888,
        "human-eval-plus": 0.11585365853658534,
        "lm-evaluation-harness": 0.7267046958408486,
        "mt-bench": 5.2125
    },
    "total": 48.99804023958058
}