{
    "tasks": {
        "openbookqa": 49.0,
        "arc_easy": 75.71548821548821,
        "winogrande": 78.2162588792423,
        "hellaswag": 82.21469826727743,
        "arc_challenge": 54.26621160409556,
        "piqa": 83.13384113166485,
        "boolq": 86.14678899082568
    },
    "average": 72.67046958408486
}