{
    "tasks": {
        "openbookqa": 0.49,
        "arc_easy": 0.7571548821548821,
        "winogrande": 0.7821625887924231,
        "hellaswag": 0.8221469826727743,
        "arc_challenge": 0.5426621160409556,
        "piqa": 0.8313384113166485,
        "boolq": 0.8614678899082568
    },
    "average": 0.7267046958408486
}