{
    "tasks": {
        "Pandas": 0.003436426116838488,
        "Numpy": 0.045454545454545456,
        "Matplotlib": 0.03225806451612903,
        "Tensorflow": 0.0,
        "Scipy": 0.018867924528301886,
        "Sklearn": 0.008695652173913044,
        "Pytorch": 0.014705882352941176
    },
    "average": 0.017631213591809868
}