{
    "tasks": {
        "Pandas": 0.027491408934707903,
        "Numpy": 0.1318181818181818,
        "Matplotlib": 0.3225806451612903,
        "Tensorflow": 0.17777777777777778,
        "Scipy": 0.10377358490566038,
        "Sklearn": 0.017391304347826087,
        "Pytorch": 0.10294117647058823
    },
    "average": 0.12625343991657606
}