{
    "tasks": {
        "Pandas": 0.32989690721649484,
        "Numpy": 0.4772727272727273,
        "Matplotlib": 0.6903225806451613,
        "Tensorflow": 0.5333333333333333,
        "Scipy": 0.42452830188679247,
        "Sklearn": 0.43478260869565216,
        "Pytorch": 0.35294117647058826
    },
    "average": 0.4632968050743928
}