{
    "tasks": {
        "Pandas": 0.32646048109965636,
        "Numpy": 0.4909090909090909,
        "Matplotlib": 0.6838709677419355,
        "Tensorflow": 0.5333333333333333,
        "Scipy": 0.39622641509433965,
        "Sklearn": 0.3217391304347826,
        "Pytorch": 0.3382352941176471
    },
    "average": 0.4415392446758265
}