{
    "tasks": {
        "Pandas": 0.3333333333333333,
        "Numpy": 0.4772727272727273,
        "Tensorflow": 0.5111111111111111,
        "Scipy": 0.39622641509433965,
        "Sklearn": 0.4434782608695652,
        "Pytorch": 0.36764705882352944
    },
    "average": 0.42151148441743436
}